region_id,assembly_id,contig_id,locus_tag,strand,pseudo_check,pident,qcovs,evalue,seed_region_id,dbscan_label,mean_dissimilarity,representative_relative_dissimilarity,label_representative,full_index_pos,orf_id,ortho_cluster_id,ortho_cluster_members,i_val,mmseqs_cluster_representative,mmseqs_cluster_id,genus,species,organism,refseq_locus_tag,refseq_product,refseq_gene,cds_start,cds_end,global_strand,gene_position,is_seed,relative_seed_position,new_pos,order
GCF_000332235_02685,GCF_000332235,GCF_000332235_0,GCF_000332235_02681,1,g,99.265,100,0.0,GCF_000332235_02685,-1.0,0.9551656920077972,0.0,5.0,5.0,GCF_000332235_02681,20.0,GCF_000332235_02681,4.0,GCF_000332235_02681,65.0,geminocystis,herdmanii,Geminocystis herdmanii PCC 6308,SYN6308_RS13940,PAS domain S-box protein,NA,2797962,2802378,1,1.0,0,5.0,-4.0,0
GCF_000332235_02685,GCF_000332235,GCF_000332235_0,GCF_000332235_02682,-1,g,99.265,100,0.0,GCF_000332235_02685,-1.0,0.9551656920077972,0.0,5.0,5.0,GCF_000332235_02682,23.0,GCF_000332235_02682,4.0,GCF_000332235_02682,66.0,geminocystis,herdmanii,Geminocystis herdmanii PCC 6308,SYN6308_RS24920,hypothetical protein,NA,2802653,2802827,1,2.0,0,5.0,-3.0,0
GCF_000332235_02685,GCF_000332235,GCF_000332235_0,GCF_000332235_02683,-1,g,99.265,100,0.0,GCF_000332235_02685,-1.0,0.9551656920077972,0.0,5.0,5.0,GCF_000332235_02683,29.0,GCF_000332235_02683,4.0,GCF_000332235_02683,67.0,geminocystis,herdmanii,Geminocystis herdmanii PCC 6308,SYN6308_RS13950,hypothetical protein,NA,2802882,2803860,1,3.0,0,5.0,-2.0,0
GCF_000332235_02685,GCF_000332235,GCF_000332235_0,GCF_000332235_02684,-1,g,99.265,100,0.0,GCF_000332235_02685,-1.0,0.9551656920077972,0.0,5.0,5.0,GCF_000332235_02684,11.0,GCF_000332235_02684,4.0,GCF_000332235_02684,68.0,geminocystis,herdmanii,Geminocystis herdmanii PCC 6308,SYN6308_RS13955,tRNA (guanosine(37)-N1)-methyltransferase TrmD,trmD,2804052,2804769,1,4.0,0,5.0,-1.0,0
GCF_000332235_02685,GCF_000332235,GCF_000332235_0,GCF_000332235_02685,1,g,99.265,100,0.0,GCF_000332235_02685,-1.0,0.9551656920077972,0.0,5.0,5.0,GCF_000332235_02685,6.0,GCF_000332235_02685,4.0,GCF_000332235_02685,69.0,geminocystis,herdmanii,Geminocystis herdmanii PCC 6308,SYN6308_RS13960,cyanophycinase,NA,2805005,2805824,1,5.0,1,5.0,0.0,0
GCF_000332235_02685,GCF_000332235,GCF_000332235_0,GCF_000332235_02686,1,g,99.265,100,0.0,GCF_000332235_02685,-1.0,0.9551656920077972,0.0,5.0,5.0,GCF_000332235_02686,7.0,GCF_000332235_02686,4.0,GCF_000332235_02686,70.0,geminocystis,herdmanii,Geminocystis herdmanii PCC 6308,SYN6308_RS13965,cyanophycin synthetase,cphA,2806081,2808700,1,6.0,0,5.0,1.0,0
GCF_000332235_02685,GCF_000332235,GCF_000332235_0,GCF_000332235_02687,1,g,99.265,100,0.0,GCF_000332235_02685,-1.0,0.9551656920077972,0.0,5.0,5.0,GCF_000332235_02687,40.0,GCF_000332235_02687,4.0,GCF_000332235_02687,71.0,geminocystis,herdmanii,Geminocystis herdmanii PCC 6308,SYN6308_RS13970,hypothetical protein,NA,2808831,2809206,1,7.0,0,5.0,2.0,0
GCF_000332235_02685,GCF_000332235,GCF_000332235_0,GCF_000332235_02688,-1,g,99.265,100,0.0,GCF_000332235_02685,-1.0,0.9551656920077972,0.0,5.0,5.0,GCF_000332235_02688,43.0,GCF_000332235_02688,4.0,GCF_000332235_02688,72.0,geminocystis,herdmanii,Geminocystis herdmanii PCC 6308,SYN6308_RS13975,D-alanine--D-alanine ligase,NA,2809531,2810572,1,8.0,0,5.0,3.0,0
GCF_000332235_02685,GCF_000332235,GCF_000332235_0,GCF_000332235_02689,1,g,99.265,100,0.0,GCF_000332235_02685,-1.0,0.9551656920077972,0.0,5.0,5.0,GCF_000332235_02689,46.0,GCF_000332235_02689,4.0,GCF_000332235_02689,73.0,geminocystis,herdmanii,Geminocystis herdmanii PCC 6308,SYN6308_RS13980,hypothetical protein,NA,2810754,2810976,1,9.0,0,5.0,4.0,0
GCF_000332235_02685,GCF_000332235,GCF_000332235_0,GCF_000332235_02690,-1,g,99.265,100,0.0,GCF_000332235_02685,-1.0,0.9551656920077972,0.0,5.0,5.0,GCF_000332235_02690,49.0,GCF_000332235_02690,4.0,GCF_000332235_02690,74.0,geminocystis,herdmanii,Geminocystis herdmanii PCC 6308,SYN6308_RS22505,hypothetical protein,NA,2811157,2811433,1,10.0,0,5.0,5.0,0
GCF_000340785_01347,GCF_000340785,GCF_000340785_0,GCF_000340785_01343,-1,g,72.266,94,2.34e-141,GCF_000340785_01347,-1.0,0.9648148148148149,0.8888888888888888,5.0,6.0,GCF_000340785_01343,52.0,GCF_000340785_01343,4.0,GCF_000340785_01343,75.0,synechocystis,sp.,Synechocystis sp. PCC 6803,MYO_RS06780,response regulator,NA,1439470,1442515,1,1.0,0,5.0,-4.0,0
GCF_000340785_01347,GCF_000340785,GCF_000340785_0,GCF_000340785_01344,1,g,72.266,94,2.34e-141,GCF_000340785_01347,-1.0,0.9648148148148149,0.8888888888888888,5.0,6.0,GCF_000340785_01344,55.0,GCF_000340785_01344,4.0,GCF_000340785_01344,76.0,synechocystis,sp.,Synechocystis sp. PCC 6803,MYO_RS06785,NAD(P)/FAD-dependent oxidoreductase,NA,1442583,1443861,1,2.0,0,5.0,-3.0,0
GCF_000340785_01347,GCF_000340785,GCF_000340785_0,GCF_000340785_01345,1,g,72.266,94,2.34e-141,GCF_000340785_01347,-1.0,0.9648148148148149,0.8888888888888888,5.0,6.0,GCF_000340785_01345,58.0,GCF_000340785_01345,4.0,GCF_000340785_01345,77.0,synechocystis,sp.,Synechocystis sp. PCC 6803,MYO_RS18670,type II toxin-antitoxin system HicA family toxin,NA,1443893,1444304,1,3.0,0,5.0,-2.0,0
GCF_000340785_01347,GCF_000340785,GCF_000340785_0,GCF_000340785_01346,1,g,72.266,94,2.34e-141,GCF_000340785_01347,-1.0,0.9648148148148149,0.8888888888888888,5.0,6.0,GCF_000340785_01346,61.0,GCF_000340785_01346,4.0,GCF_000340785_01346,78.0,synechocystis,sp.,Synechocystis sp. PCC 6803,MYO_RS06795,S-layer homology domain-containing protein,NA,1444342,1445308,1,4.0,0,5.0,-1.0,0
GCF_000340785_01347,GCF_000340785,GCF_000340785_0,GCF_000340785_01347,1,g,72.266,94,2.34e-141,GCF_000340785_01347,-1.0,0.9648148148148149,0.8888888888888888,5.0,6.0,GCF_000340785_01347,6.0,GCF_000340785_01347,4.0,GCF_000340785_01347,79.0,synechocystis,sp.,Synechocystis sp. PCC 6803,MYO_RS06800,cyanophycinase,NA,1445565,1446381,1,5.0,1,5.0,0.0,0
GCF_000340785_01347,GCF_000340785,GCF_000340785_0,GCF_000340785_01348,1,g,72.266,94,2.34e-141,GCF_000340785_01347,-1.0,0.9648148148148149,0.8888888888888888,5.0,6.0,GCF_000340785_01348,7.0,GCF_000340785_01348,4.0,GCF_000340785_01348,80.0,synechocystis,sp.,Synechocystis sp. PCC 6803,MYO_RS06805,cyanophycin synthetase,cphA,1446528,1449150,1,6.0,0,5.0,1.0,0
GCF_000340785_01347,GCF_000340785,GCF_000340785_0,GCF_000340785_01349,1,g,72.266,94,2.34e-141,GCF_000340785_01347,-1.0,0.9648148148148149,0.8888888888888888,5.0,6.0,GCF_000340785_01349,68.0,GCF_000340785_01349,4.0,GCF_000340785_01349,81.0,synechocystis,sp.,Synechocystis sp. PCC 6803,MYO_RS06810,DUF4129 domain-containing protein,NA,1449182,1449812,1,7.0,0,5.0,2.0,0
GCF_000340785_01347,GCF_000340785,GCF_000340785_0,GCF_000340785_01350,-1,g,72.266,94,2.34e-141,GCF_000340785_01347,-1.0,0.9648148148148149,0.8888888888888888,5.0,6.0,GCF_000340785_01350,72.0,GCF_000340785_01350,4.0,GCF_000340785_01350,82.0,synechocystis,sp.,Synechocystis sp. PCC 6803,MYO_RS06815,glutathione S-transferase family protein,NA,1449787,1450987,1,8.0,0,5.0,3.0,0
GCF_000340785_01347,GCF_000340785,GCF_000340785_0,GCF_000340785_01351,1,g,72.266,94,2.34e-141,GCF_000340785_01347,-1.0,0.9648148148148149,0.8888888888888888,5.0,6.0,GCF_000340785_01351,76.0,GCF_000340785_01351,4.0,GCF_000340785_01351,83.0,synechocystis,sp.,Synechocystis sp. PCC 6803,MYO_RS06820,hypothetical protein,NA,1451340,1451631,1,9.0,0,5.0,4.0,0
GCF_000340785_01347,GCF_000340785,GCF_000340785_0,GCF_000340785_01352,1,g,72.266,94,2.34e-141,GCF_000340785_01347,-1.0,0.9648148148148149,0.8888888888888888,5.0,6.0,GCF_000340785_01352,79.0,GCF_000340785_01352,4.0,GCF_000340785_01352,84.0,synechocystis,sp.,Synechocystis sp. PCC 6803,MYO_RS06825,hypothetical protein,NA,1451698,1453123,1,10.0,0,5.0,5.0,0
GCF_000046845_01133,GCF_000046845,GCF_000046845_0,GCF_000046845_01129,1,g,33.473,83,4.3500000000000006e-27,GCF_000046845_01133,-1.0,1.0,1.0,5.0,2.0,GCF_000046845_01129,96.0,GCF_000046845_01129,4.0,GCF_000046845_01129,29.0,acinetobacter,baylyi,Acinetobacter baylyi ADP1,ACIAD_RS05865,class I SAM-dependent methyltransferase,NA,1274946,1275615,1,1.0,0,5.0,-4.0,0
GCF_000046845_01133,GCF_000046845,GCF_000046845_0,GCF_000046845_01130,1,g,33.473,83,4.3500000000000006e-27,GCF_000046845_01133,-1.0,1.0,1.0,5.0,2.0,GCF_000046845_01130,99.0,GCF_000046845_01130,4.0,GCF_000046845_01130,30.0,acinetobacter,baylyi,Acinetobacter baylyi ADP1,ACIAD_RS05870,amino acid permease,NA,1276346,1277831,1,2.0,0,5.0,-3.0,0
GCF_000046845_01133,GCF_000046845,GCF_000046845_0,GCF_000046845_01131,1,g,33.473,83,4.3500000000000006e-27,GCF_000046845_01133,-1.0,1.0,1.0,5.0,2.0,GCF_000046845_01131,24.0,GCF_000046845_01131,4.0,GCF_000046845_01131,31.0,acinetobacter,baylyi,Acinetobacter baylyi ADP1,ACIAD_RS05875,universal stress protein,NA,1277827,1278715,1,3.0,0,5.0,-2.0,0
GCF_000046845_01133,GCF_000046845,GCF_000046845_0,GCF_000046845_01132,1,g,33.473,83,4.3500000000000006e-27,GCF_000046845_01133,-1.0,1.0,1.0,5.0,2.0,GCF_000046845_01132,15.0,GCF_000046845_01132,4.0,GCF_000046845_01132,32.0,acinetobacter,baylyi,Acinetobacter baylyi ADP1,ACIAD_RS05880,cyanophycin synthetase,cphA,1278772,1281517,1,4.0,0,5.0,-1.0,0
GCF_000046845_01133,GCF_000046845,GCF_000046845_0,GCF_000046845_01133,1,g,33.473,83,4.3500000000000006e-27,GCF_000046845_01133,-1.0,1.0,1.0,5.0,2.0,GCF_000046845_01133,19.0,GCF_000046845_01133,4.0,GCF_000046845_01133,33.0,acinetobacter,baylyi,Acinetobacter baylyi ADP1,ACIAD_RS05885,cyanophycinase,NA,1281524,1283720,1,5.0,1,5.0,0.0,0
GCF_000046845_01133,GCF_000046845,GCF_000046845_0,GCF_000046845_01134,1,g,33.473,83,4.3500000000000006e-27,GCF_000046845_01133,-1.0,1.0,1.0,5.0,2.0,GCF_000046845_01134,22.0,GCF_000046845_01134,4.0,GCF_000046845_01134,34.0,acinetobacter,baylyi,Acinetobacter baylyi ADP1,ACIAD_RS05890,hypothetical protein,NA,1283769,1284261,1,6.0,0,5.0,1.0,0
GCF_000046845_01133,GCF_000046845,GCF_000046845_0,GCF_000046845_01135,1,g,33.473,83,4.3500000000000006e-27,GCF_000046845_01133,-1.0,1.0,1.0,5.0,2.0,GCF_000046845_01135,28.0,GCF_000046845_01135,4.0,GCF_000046845_01135,35.0,acinetobacter,baylyi,Acinetobacter baylyi ADP1,ACIAD_RS05895,M14 family metallopeptidase,NA,1284278,1285430,1,7.0,0,5.0,2.0,0
GCF_000046845_01133,GCF_000046845,GCF_000046845_0,GCF_000046845_01136,-1,g,33.473,83,4.3500000000000006e-27,GCF_000046845_01133,-1.0,1.0,1.0,5.0,2.0,GCF_000046845_01136,32.0,GCF_000046845_01136,4.0,GCF_000046845_01136,36.0,acinetobacter,baylyi,Acinetobacter baylyi ADP1,ACIAD_RS05900,Lrp/AsnC family transcriptional regulator,NA,1285562,1285985,1,8.0,0,5.0,3.0,0
GCF_000046845_01133,GCF_000046845,GCF_000046845_0,GCF_000046845_01137,1,g,33.473,83,4.3500000000000006e-27,GCF_000046845_01133,-1.0,1.0,1.0,5.0,2.0,GCF_000046845_01137,35.0,GCF_000046845_01137,4.0,GCF_000046845_01137,37.0,acinetobacter,baylyi,Acinetobacter baylyi ADP1,ACIAD_RS05905,aspartate aminotransferase family protein,NA,1286123,1287335,1,9.0,0,5.0,4.0,0
GCF_000046845_01133,GCF_000046845,GCF_000046845_0,GCF_000046845_01138,1,g,33.473,83,4.3500000000000006e-27,GCF_000046845_01133,-1.0,1.0,1.0,5.0,2.0,GCF_000046845_01138,37.0,GCF_000046845_01138,4.0,GCF_000046845_01138,38.0,acinetobacter,baylyi,Acinetobacter baylyi ADP1,ACIAD_RS05910,arginine N-succinyltransferase,astA,1287348,1288377,1,10.0,0,5.0,5.0,0
GCF_000046845_01133,GCF_000046845,GCF_000046845_0,GCF_000046845_01139,1,g,33.473,83,4.3500000000000006e-27,GCF_000046845_01133,-1.0,1.0,1.0,5.0,2.0,GCF_000046845_01139,39.0,GCF_000046845_01139,4.0,GCF_000046845_01139,39.0,acinetobacter,baylyi,Acinetobacter baylyi ADP1,ACIAD_RS05915,succinylglutamate-semialdehyde dehydrogenase,astD,1288379,1289849,1,11.0,0,5.0,6.0,0
GCF_000204075_01842,GCF_000204075,GCF_000204075_0,GCF_000204075_01836,-1,g,65.504,95,7.080000000000001e-129,GCF_000204075_01842,-1.0,0.9570175438596492,0.8421052631578947,5.0,4.0,GCF_000204075_01836,81.0,GCF_000204075_01836,4.0,GCF_000204075_01836,53.0,trichormus,variabilis,Trichormus variabilis ATCC 29413,AVA_RS09150,argininosuccinate lyase,argH,2251364,2252750,1,1.0,0,7.0,-6.0,0
GCF_000204075_01842,GCF_000204075,GCF_000204075_0,GCF_000204075_01837,-1,g,65.504,95,7.080000000000001e-129,GCF_000204075_01842,-1.0,0.9570175438596492,0.8421052631578947,5.0,4.0,GCF_000204075_01837,85.0,GCF_000204075_01837,4.0,GCF_000204075_01837,54.0,trichormus,variabilis,Trichormus variabilis ATCC 29413,AVA_RS09155,hypothetical protein,NA,2252881,2253088,1,2.0,0,7.0,-5.0,0
GCF_000204075_01842,GCF_000204075,GCF_000204075_0,GCF_000204075_01838,-1,g,65.504,95,7.080000000000001e-129,GCF_000204075_01842,-1.0,0.9570175438596492,0.8421052631578947,5.0,4.0,GCF_000204075_01838,87.0,GCF_000204075_01838,4.0,GCF_000204075_01838,55.0,trichormus,variabilis,Trichormus variabilis ATCC 29413,AVA_RS09160,nickel pincer cofactor biosynthesis protein LarB,larB,2253186,2253975,1,3.0,0,7.0,-4.0,0
GCF_000204075_01842,GCF_000204075,GCF_000204075_0,GCF_000204075_01839,-1,g,65.504,95,7.080000000000001e-129,GCF_000204075_01842,-1.0,0.9570175438596492,0.8421052631578947,5.0,4.0,GCF_000204075_01839,89.0,GCF_000204075_01839,4.0,GCF_000204075_01839,56.0,trichormus,variabilis,Trichormus variabilis ATCC 29413,AVA_RS09165,ABC transporter substrate-binding protein,NA,2254063,2255851,1,4.0,0,7.0,-3.0,0
GCF_000204075_01842,GCF_000204075,GCF_000204075_0,GCF_000204075_01840,-1,g,65.504,95,7.080000000000001e-129,GCF_000204075_01842,-1.0,0.9570175438596492,0.8421052631578947,5.0,4.0,GCF_000204075_01840,91.0,GCF_000204075_01840,4.0,GCF_000204075_01840,57.0,trichormus,variabilis,Trichormus variabilis ATCC 29413,AVA_RS09170,"2-C-methyl-D-erythritol 2,4-cyclodiphosphate synthase",ispF,2255932,2256430,1,5.0,0,7.0,-2.0,0
GCF_000204075_01842,GCF_000204075,GCF_000204075_0,GCF_000204075_01841,-1,g,65.504,95,7.080000000000001e-129,GCF_000204075_01842,-1.0,0.9570175438596492,0.8421052631578947,5.0,4.0,GCF_000204075_01841,11.0,GCF_000204075_01841,4.0,GCF_000204075_01841,58.0,trichormus,variabilis,Trichormus variabilis ATCC 29413,AVA_RS09175,tRNA (guanosine(37)-N1)-methyltransferase TrmD,trmD,2256454,2257189,1,6.0,0,7.0,-1.0,0
GCF_000204075_01842,GCF_000204075,GCF_000204075_0,GCF_000204075_01842,1,g,65.504,95,7.080000000000001e-129,GCF_000204075_01842,-1.0,0.9570175438596492,0.8421052631578947,5.0,4.0,GCF_000204075_01842,6.0,GCF_000204075_01842,4.0,GCF_000204075_01842,59.0,trichormus,variabilis,Trichormus variabilis ATCC 29413,AVA_RS09180,cyanophycinase,NA,2257752,2258616,1,7.0,1,7.0,0.0,0
GCF_000204075_01842,GCF_000204075,GCF_000204075_0,GCF_000204075_01843,1,g,65.504,95,7.080000000000001e-129,GCF_000204075_01842,-1.0,0.9570175438596492,0.8421052631578947,5.0,4.0,GCF_000204075_01843,7.0,GCF_000204075_01843,4.0,GCF_000204075_01843,60.0,trichormus,variabilis,Trichormus variabilis ATCC 29413,AVA_RS09185,cyanophycin synthetase,cphA,2258788,2261494,1,8.0,0,7.0,1.0,0
GCF_000204075_01842,GCF_000204075,GCF_000204075_0,GCF_000204075_01844,-1,g,65.504,95,7.080000000000001e-129,GCF_000204075_01842,-1.0,0.9570175438596492,0.8421052631578947,5.0,4.0,GCF_000204075_01844,97.0,GCF_000204075_01844,4.0,GCF_000204075_01844,61.0,trichormus,variabilis,Trichormus variabilis ATCC 29413,AVA_RS09190,twin-arginine translocase TatA/TatE family subunit,NA,2261564,2261735,1,9.0,0,7.0,2.0,0
GCF_000204075_01842,GCF_000204075,GCF_000204075_0,GCF_000204075_01845,-1,g,65.504,95,7.080000000000001e-129,GCF_000204075_01842,-1.0,0.9570175438596492,0.8421052631578947,5.0,4.0,GCF_000204075_01845,100.0,GCF_000204075_01845,4.0,GCF_000204075_01845,62.0,trichormus,variabilis,Trichormus variabilis ATCC 29413,AVA_RS09195,serine/threonine protein kinase,NA,2261937,2263329,1,10.0,0,7.0,3.0,0
GCF_000204075_01842,GCF_000204075,GCF_000204075_0,GCF_000204075_01846,1,g,65.504,95,7.080000000000001e-129,GCF_000204075_01842,-1.0,0.9570175438596492,0.8421052631578947,5.0,4.0,GCF_000204075_01846,25.0,GCF_000204075_01846,4.0,GCF_000204075_01846,63.0,trichormus,variabilis,Trichormus variabilis ATCC 29413,AVA_RS09200,"precorrin-6Y C5,15-methyltransferase subunit CbiT",cbiT,2263405,2264008,1,11.0,0,7.0,4.0,0
GCF_000204075_01842,GCF_000204075,GCF_000204075_0,GCF_000204075_01847,1,g,65.504,95,7.080000000000001e-129,GCF_000204075_01842,-1.0,0.9570175438596492,0.8421052631578947,5.0,4.0,GCF_000204075_01847,16.0,GCF_000204075_01847,4.0,GCF_000204075_01847,64.0,trichormus,variabilis,Trichormus variabilis ATCC 29413,AVA_RS09205,phosphatidate cytidylyltransferase,NA,2264142,2265030,1,12.0,0,7.0,5.0,0
GCF_000204075_00340,GCF_000204075,GCF_000204075_0,GCF_000204075_00334,-1,g,40.458,96,5.510000000000001e-66,GCF_000204075_00340,-1.0,1.0,1.0,5.0,3.0,GCF_000204075_00334,42.0,GCF_000204075_00334,4.0,GCF_000204075_00334,40.0,trichormus,variabilis,Trichormus variabilis ATCC 29413,AVA_RS01660,FKBP-type peptidyl-prolyl cis-trans isomerase,NA,429385,429913,1,1.0,0,7.0,-6.0,0
GCF_000204075_00340,GCF_000204075,GCF_000204075_0,GCF_000204075_00335,-1,g,40.458,96,5.510000000000001e-66,GCF_000204075_00340,-1.0,1.0,1.0,5.0,3.0,GCF_000204075_00335,45.0,GCF_000204075_00335,4.0,GCF_000204075_00335,41.0,trichormus,variabilis,Trichormus variabilis ATCC 29413,AVA_RS01665,phasin family protein,NA,429991,430315,1,2.0,0,7.0,-5.0,0
GCF_000204075_00340,GCF_000204075,GCF_000204075_0,GCF_000204075_00336,1,g,40.458,96,5.510000000000001e-66,GCF_000204075_00340,-1.0,1.0,1.0,5.0,3.0,GCF_000204075_00336,48.0,GCF_000204075_00336,4.0,GCF_000204075_00336,42.0,trichormus,variabilis,Trichormus variabilis ATCC 29413,AVA_RS01670,TIGR03792 family protein,NA,430445,430760,1,3.0,0,7.0,-4.0,0
GCF_000204075_00340,GCF_000204075,GCF_000204075_0,GCF_000204075_00337,1,g,40.458,96,5.510000000000001e-66,GCF_000204075_00340,-1.0,1.0,1.0,5.0,3.0,GCF_000204075_00337,51.0,GCF_000204075_00337,4.0,GCF_000204075_00337,43.0,trichormus,variabilis,Trichormus variabilis ATCC 29413,AVA_RS01675,3-deoxy-7-phosphoheptulonate synthase,NA,430926,431970,1,4.0,0,7.0,-3.0,0
GCF_000204075_00340,GCF_000204075,GCF_000204075_0,GCF_000204075_00338,-1,g,40.458,96,5.510000000000001e-66,GCF_000204075_00340,-1.0,1.0,1.0,5.0,3.0,GCF_000204075_00338,54.0,GCF_000204075_00338,4.0,GCF_000204075_00338,44.0,trichormus,variabilis,Trichormus variabilis ATCC 29413,AVA_RS01680,acetate--CoA ligase family protein,NA,432154,434065,1,5.0,0,7.0,-2.0,0
GCF_000204075_00340,GCF_000204075,GCF_000204075_0,GCF_000204075_00339,1,g,40.458,96,5.510000000000001e-66,GCF_000204075_00340,-1.0,1.0,1.0,5.0,3.0,GCF_000204075_00339,57.0,GCF_000204075_00339,4.0,GCF_000204075_00339,45.0,trichormus,variabilis,Trichormus variabilis ATCC 29413,AVA_RS01685,hypothetical protein,NA,434582,434786,1,6.0,0,7.0,-1.0,0
GCF_000204075_00340,GCF_000204075,GCF_000204075_0,GCF_000204075_00340,1,g,40.458,96,5.510000000000001e-66,GCF_000204075_00340,-1.0,1.0,1.0,5.0,3.0,GCF_000204075_00340,60.0,GCF_000204075_00340,4.0,GCF_000204075_00340,46.0,trichormus,variabilis,Trichormus variabilis ATCC 29413,AVA_RS01690,cyanophycinase,NA,435127,435994,1,7.0,1,7.0,0.0,0
GCF_000204075_00340,GCF_000204075,GCF_000204075_0,GCF_000204075_00341,-1,g,40.458,96,5.510000000000001e-66,GCF_000204075_00340,-1.0,1.0,1.0,5.0,3.0,GCF_000204075_00341,63.0,GCF_000204075_00341,4.0,GCF_000204075_00341,47.0,trichormus,variabilis,Trichormus variabilis ATCC 29413,AVA_RS01695,thioredoxin family protein,NA,436091,436670,1,8.0,0,7.0,1.0,0
GCF_000204075_00340,GCF_000204075,GCF_000204075_0,GCF_000204075_00342,1,g,40.458,96,5.510000000000001e-66,GCF_000204075_00340,-1.0,1.0,1.0,5.0,3.0,GCF_000204075_00342,65.0,GCF_000204075_00342,4.0,GCF_000204075_00342,48.0,trichormus,variabilis,Trichormus variabilis ATCC 29413,AVA_RS01700,4Fe-4S binding protein,NA,436809,437214,1,9.0,0,7.0,2.0,0
GCF_000204075_00340,GCF_000204075,GCF_000204075_0,GCF_000204075_00343,-1,g,40.458,96,5.510000000000001e-66,GCF_000204075_00340,-1.0,1.0,1.0,5.0,3.0,GCF_000204075_00343,67.0,GCF_000204075_00343,4.0,GCF_000204075_00343,49.0,trichormus,variabilis,Trichormus variabilis ATCC 29413,AVA_RS01705,DUF3616 domain-containing protein,NA,437210,438278,1,10.0,0,7.0,3.0,0
GCF_000204075_00340,GCF_000204075,GCF_000204075_0,GCF_000204075_00344,1,g,40.458,96,5.510000000000001e-66,GCF_000204075_00340,-1.0,1.0,1.0,5.0,3.0,GCF_000204075_00344,71.0,GCF_000204075_00344,4.0,GCF_000204075_00344,50.0,trichormus,variabilis,Trichormus variabilis ATCC 29413,AVA_RS01710,CHAD domain-containing protein,NA,438641,439610,1,11.0,0,7.0,4.0,0
GCF_000204075_00340,GCF_000204075,GCF_000204075_0,GCF_000204075_00345,-1,g,40.458,96,5.510000000000001e-66,GCF_000204075_00340,-1.0,1.0,1.0,5.0,3.0,GCF_000204075_00345,75.0,GCF_000204075_00345,4.0,GCF_000204075_00345,51.0,trichormus,variabilis,Trichormus variabilis ATCC 29413,AVA_RS01715,hypothetical protein,NA,439634,440273,1,12.0,0,7.0,5.0,0
GCF_000204075_00340,GCF_000204075,GCF_000204075_0,GCF_000204075_00346,1,g,40.458,96,5.510000000000001e-66,GCF_000204075_00340,-1.0,1.0,1.0,5.0,3.0,GCF_000204075_00346,78.0,GCF_000204075_00346,4.0,GCF_000204075_00346,52.0,trichormus,variabilis,Trichormus variabilis ATCC 29413,AVA_RS01720,hypothetical protein,NA,440865,441306,1,13.0,0,7.0,6.0,0
GCF_000011385_04206,GCF_000011385,GCF_000011385_0,GCF_000011385_04200,1,g,43.678,96,5.77e-79,GCF_000011385_04206,-1.0,1.0,1.0,5.0,1.0,GCF_000011385_04200,59.0,GCF_000011385_04200,4.0,GCF_000011385_04200,14.0,gloeobacter,violaceus,Gloeobacter violaceus PCC 7421,GLL_RS21220,Uma2 family endonuclease,NA,4317285,4318047,-1,15.0,0,9.0,6.0,0
GCF_000011385_04206,GCF_000011385,GCF_000011385_0,GCF_000011385_04201,-1,g,43.678,96,5.77e-79,GCF_000011385_04206,-1.0,1.0,1.0,5.0,1.0,GCF_000011385_04201,62.0,GCF_000011385_04201,4.0,GCF_000011385_04201,15.0,gloeobacter,violaceus,Gloeobacter violaceus PCC 7421,GLL_RS21225,ATP-binding cassette domain-containing protein,NA,4318066,4319050,-1,14.0,0,9.0,5.0,0
GCF_000011385_04206,GCF_000011385,GCF_000011385_0,GCF_000011385_04202,-1,g,43.678,96,5.77e-79,GCF_000011385_04206,-1.0,1.0,1.0,5.0,1.0,GCF_000011385_04202,64.0,GCF_000011385_04202,4.0,GCF_000011385_04202,16.0,gloeobacter,violaceus,Gloeobacter violaceus PCC 7421,GLL_RS21230,ABC transporter ATP-binding protein,NA,4319099,4320083,-1,13.0,0,9.0,4.0,0
GCF_000011385_04206,GCF_000011385,GCF_000011385_0,GCF_000011385_04203,-1,g,43.678,96,5.77e-79,GCF_000011385_04206,-1.0,1.0,1.0,5.0,1.0,GCF_000011385_04203,66.0,GCF_000011385_04203,4.0,GCF_000011385_04203,17.0,gloeobacter,violaceus,Gloeobacter violaceus PCC 7421,GLL_RS21235,ABC transporter permease subunit,NA,4320082,4321003,-1,12.0,0,9.0,3.0,0
GCF_000011385_04206,GCF_000011385,GCF_000011385_0,GCF_000011385_04204,-1,g,43.678,96,5.77e-79,GCF_000011385_04206,-1.0,1.0,1.0,5.0,1.0,GCF_000011385_04204,70.0,GCF_000011385_04204,4.0,GCF_000011385_04204,18.0,gloeobacter,violaceus,Gloeobacter violaceus PCC 7421,GLL_RS21240,ABC transporter permease,NA,4321008,4321887,-1,11.0,0,9.0,2.0,0
GCF_000011385_04206,GCF_000011385,GCF_000011385_0,GCF_000011385_04205,-1,g,43.678,96,5.77e-79,GCF_000011385_04206,-1.0,1.0,1.0,5.0,1.0,GCF_000011385_04205,74.0,GCF_000011385_04205,4.0,GCF_000011385_04205,19.0,gloeobacter,violaceus,Gloeobacter violaceus PCC 7421,GLL_RS21245,peptide ABC transporter substrate-binding protein,NA,4321943,4323584,-1,10.0,0,9.0,1.0,0
GCF_000011385_04206,GCF_000011385,GCF_000011385_0,GCF_000011385_04206,-1,g,43.678,96,5.77e-79,GCF_000011385_04206,-1.0,1.0,1.0,5.0,1.0,GCF_000011385_04206,77.0,GCF_000011385_04206,4.0,GCF_000011385_04206,20.0,gloeobacter,violaceus,Gloeobacter violaceus PCC 7421,GLL_RS21250,cyanophycinase,NA,4323564,4324404,-1,9.0,1,9.0,0.0,0
GCF_000011385_04206,GCF_000011385,GCF_000011385_0,GCF_000011385_04207,1,g,43.678,96,5.77e-79,GCF_000011385_04206,-1.0,1.0,1.0,5.0,1.0,GCF_000011385_04207,80.0,GCF_000011385_04207,4.0,GCF_000011385_04207,21.0,gloeobacter,violaceus,Gloeobacter violaceus PCC 7421,GLL_RS21255,response regulator transcription factor,NA,4324531,4325236,-1,8.0,0,9.0,-1.0,0
GCF_000011385_04206,GCF_000011385,GCF_000011385_0,GCF_000011385_04208,1,g,43.678,96,5.77e-79,GCF_000011385_04206,-1.0,1.0,1.0,5.0,1.0,GCF_000011385_04208,84.0,GCF_000011385_04208,4.0,GCF_000011385_04208,22.0,gloeobacter,violaceus,Gloeobacter violaceus PCC 7421,GLL_RS21260,PD-(D/E)XK nuclease family protein,NA,4325388,4326204,-1,7.0,0,9.0,-2.0,0
GCF_000011385_04206,GCF_000011385,GCF_000011385_0,GCF_000011385_04209,-1,g,43.678,96,5.77e-79,GCF_000011385_04206,-1.0,1.0,1.0,5.0,1.0,GCF_000011385_04209,86.0,GCF_000011385_04209,4.0,GCF_000011385_04209,23.0,gloeobacter,violaceus,Gloeobacter violaceus PCC 7421,GLL_RS21265,YihY/virulence factor BrkB family protein,NA,4326321,4327446,-1,6.0,0,9.0,-3.0,0
GCF_000011385_04206,GCF_000011385,GCF_000011385_0,GCF_000011385_04210,-1,g,43.678,96,5.77e-79,GCF_000011385_04206,-1.0,1.0,1.0,5.0,1.0,GCF_000011385_04210,88.0,GCF_000011385_04210,4.0,GCF_000011385_04210,24.0,gloeobacter,violaceus,Gloeobacter violaceus PCC 7421,GLL_RS21270,LON peptidase substrate-binding domain-containing protein,NA,4327559,4328621,-1,5.0,0,9.0,-4.0,0
GCF_000011385_04206,GCF_000011385,GCF_000011385_0,GCF_000011385_04211,1,g,43.678,96,5.77e-79,GCF_000011385_04206,-1.0,1.0,1.0,5.0,1.0,GCF_000011385_04211,90.0,GCF_000011385_04211,4.0,GCF_000011385_04211,25.0,gloeobacter,violaceus,Gloeobacter violaceus PCC 7421,GLL_RS21275,hypothetical protein,NA,4328791,4329004,-1,4.0,0,9.0,-5.0,0
GCF_000011385_04206,GCF_000011385,GCF_000011385_0,GCF_000011385_04212,-1,g,43.678,96,5.77e-79,GCF_000011385_04206,-1.0,1.0,1.0,5.0,1.0,GCF_000011385_04212,93.0,GCF_000011385_04212,4.0,GCF_000011385_04212,26.0,gloeobacter,violaceus,Gloeobacter violaceus PCC 7421,GLL_RS21280,hypothetical protein,NA,4329156,4329330,-1,3.0,0,9.0,-6.0,0
GCF_000011385_04206,GCF_000011385,GCF_000011385_0,GCF_000011385_04213,-1,g,43.678,96,5.77e-79,GCF_000011385_04206,-1.0,1.0,1.0,5.0,1.0,GCF_000011385_04213,94.0,GCF_000011385_04213,4.0,GCF_000011385_04213,27.0,gloeobacter,violaceus,Gloeobacter violaceus PCC 7421,GLL_RS21285,hypothetical protein,NA,4329412,4329706,-1,2.0,0,9.0,-7.0,0
GCF_000011385_04206,GCF_000011385,GCF_000011385_0,GCF_000011385_04214,-1,g,43.678,96,5.77e-79,GCF_000011385_04206,-1.0,1.0,1.0,5.0,1.0,GCF_000011385_04214,95.0,GCF_000011385_04214,4.0,GCF_000011385_04214,28.0,gloeobacter,violaceus,Gloeobacter violaceus PCC 7421,GLL_RS21290,hypothetical protein,NA,4329705,4330593,-1,1.0,0,9.0,-8.0,0
GCF_000011385_00119,GCF_000011385,GCF_000011385_0,GCF_000011385_00113,1,g,27.734,86,1.44e-13,GCF_000011385_00119,-1.0,1.0,1.0,5.0,0.0,GCF_000011385_00113,14.0,GCF_000011385_00113,4.0,GCF_000011385_00113,0.0,gloeobacter,violaceus,Gloeobacter violaceus PCC 7421,GLL_RS00565,ADP-ribosylglycohydrolase,NA,108589,109516,-1,14.0,0,8.0,6.0,0
GCF_000011385_00119,GCF_000011385,GCF_000011385_0,GCF_000011385_00114,1,g,27.734,86,1.44e-13,GCF_000011385_00119,-1.0,1.0,1.0,5.0,0.0,GCF_000011385_00114,18.0,GCF_000011385_00114,4.0,GCF_000011385_00114,1.0,gloeobacter,violaceus,Gloeobacter violaceus PCC 7421,GLL_RS00570,hypothetical protein,NA,109701,110904,-1,13.0,0,8.0,5.0,0
GCF_000011385_00119,GCF_000011385,GCF_000011385_0,GCF_000011385_00115,1,g,27.734,86,1.44e-13,GCF_000011385_00119,-1.0,1.0,1.0,5.0,0.0,GCF_000011385_00115,21.0,GCF_000011385_00115,4.0,GCF_000011385_00115,2.0,gloeobacter,violaceus,Gloeobacter violaceus PCC 7421,GLL_RS00575,ADP-ribosylglycohydrolase family protein,NA,111446,111665,-1,12.0,0,8.0,4.0,0
GCF_000011385_00119,GCF_000011385,GCF_000011385_0,GCF_000011385_00116,-1,g,27.734,86,1.44e-13,GCF_000011385_00119,-1.0,1.0,1.0,5.0,0.0,GCF_000011385_00116,27.0,GCF_000011385_00116,4.0,GCF_000011385_00116,3.0,gloeobacter,violaceus,Gloeobacter violaceus PCC 7421,GLL_RS00580,DUF6391 domain-containing protein,NA,111837,112395,-1,11.0,0,8.0,3.0,0
GCF_000011385_00119,GCF_000011385,GCF_000011385_0,GCF_000011385_00117,-1,g,27.734,86,1.44e-13,GCF_000011385_00119,-1.0,1.0,1.0,5.0,0.0,GCF_000011385_00117,31.0,GCF_000011385_00117,4.0,GCF_000011385_00117,4.0,gloeobacter,violaceus,Gloeobacter violaceus PCC 7421,GLL_RS00585,SDR family oxidoreductase,NA,112413,113160,-1,10.0,0,8.0,2.0,0
GCF_000011385_00119,GCF_000011385,GCF_000011385_0,GCF_000011385_00118,1,g,27.734,86,1.44e-13,GCF_000011385_00119,-1.0,1.0,1.0,5.0,0.0,GCF_000011385_00118,34.0,GCF_000011385_00118,4.0,GCF_000011385_00118,5.0,gloeobacter,violaceus,Gloeobacter violaceus PCC 7421,GLL_RS00590,EcsC family protein,NA,113267,114104,-1,9.0,0,8.0,1.0,0
GCF_000011385_00119,GCF_000011385,GCF_000011385_0,GCF_000011385_00119,-1,g,27.734,86,1.44e-13,GCF_000011385_00119,-1.0,1.0,1.0,5.0,0.0,GCF_000011385_00119,36.0,GCF_000011385_00119,4.0,GCF_000011385_00119,6.0,gloeobacter,violaceus,Gloeobacter violaceus PCC 7421,GLL_RS00595,cyanophycinase,NA,114107,115565,-1,8.0,1,8.0,0.0,0
GCF_000011385_00119,GCF_000011385,GCF_000011385_0,GCF_000011385_00120,-1,g,27.734,86,1.44e-13,GCF_000011385_00119,-1.0,1.0,1.0,5.0,0.0,GCF_000011385_00120,38.0,GCF_000011385_00120,4.0,GCF_000011385_00120,7.0,gloeobacter,violaceus,Gloeobacter violaceus PCC 7421,GLL_RS00600,DUF4342 domain-containing protein,NA,115629,115968,-1,7.0,0,8.0,-1.0,0
GCF_000011385_00119,GCF_000011385,GCF_000011385_0,GCF_000011385_00121,-1,g,27.734,86,1.44e-13,GCF_000011385_00119,-1.0,1.0,1.0,5.0,0.0,GCF_000011385_00121,41.0,GCF_000011385_00121,4.0,GCF_000011385_00121,8.0,gloeobacter,violaceus,Gloeobacter violaceus PCC 7421,GLL_RS00605,S41 family peptidase,NA,116078,117365,-1,6.0,0,8.0,-2.0,0
GCF_000011385_00119,GCF_000011385,GCF_000011385_0,GCF_000011385_00122,1,g,27.734,86,1.44e-13,GCF_000011385_00119,-1.0,1.0,1.0,5.0,0.0,GCF_000011385_00122,44.0,GCF_000011385_00122,4.0,GCF_000011385_00122,9.0,gloeobacter,violaceus,Gloeobacter violaceus PCC 7421,GLL_RS00610,TMEM165/GDT1 family protein,NA,117548,117830,-1,5.0,0,8.0,-3.0,0
GCF_000011385_00119,GCF_000011385,GCF_000011385_0,GCF_000011385_00123,1,g,27.734,86,1.44e-13,GCF_000011385_00119,-1.0,1.0,1.0,5.0,0.0,GCF_000011385_00123,47.0,GCF_000011385_00123,4.0,GCF_000011385_00123,10.0,gloeobacter,violaceus,Gloeobacter violaceus PCC 7421,GLL_RS00615,adenosine deaminase,NA,117921,118935,-1,4.0,0,8.0,-4.0,0
GCF_000011385_00119,GCF_000011385,GCF_000011385_0,GCF_000011385_00124,1,g,27.734,86,1.44e-13,GCF_000011385_00119,-1.0,1.0,1.0,5.0,0.0,GCF_000011385_00124,50.0,GCF_000011385_00124,4.0,GCF_000011385_00124,11.0,gloeobacter,violaceus,Gloeobacter violaceus PCC 7421,GLL_RS00620,metallophosphoesterase,NA,119015,119891,-1,3.0,0,8.0,-5.0,0
GCF_000011385_00119,GCF_000011385,GCF_000011385_0,GCF_000011385_00125,-1,g,27.734,86,1.44e-13,GCF_000011385_00119,-1.0,1.0,1.0,5.0,0.0,GCF_000011385_00125,53.0,GCF_000011385_00125,4.0,GCF_000011385_00125,12.0,gloeobacter,violaceus,Gloeobacter violaceus PCC 7421,GLL_RS00625,cobalamin biosynthesis protein CobW,cobW,119841,120897,-1,2.0,0,8.0,-6.0,0
GCF_000011385_00119,GCF_000011385,GCF_000011385_0,GCF_000011385_00126,1,g,27.734,86,1.44e-13,GCF_000011385_00119,-1.0,1.0,1.0,5.0,0.0,GCF_000011385_00126,56.0,GCF_000011385_00126,4.0,GCF_000011385_00126,13.0,gloeobacter,violaceus,Gloeobacter violaceus PCC 7421,GLL_RS00630,DoxX family protein,NA,121047,121533,-1,1.0,0,8.0,-7.0,0
GCF_001046875_00605,GCF_001046875,GCF_001046875_0,GCF_001046875_00601,1,g,36.759,93,1.3500000000000001e-47,GCF_001046875_00605,0.0,0.6349206349206349,0.6,10.0,8.0,GCF_001046875_00601,98.0,GCF_001046875_00601,4.0,GCF_001046875_00601,93.0,tetrasphaera,jenkinsii,Tetrasphaera jenkinsii Ben 74,BN13_RS03030,phosphotransferase,NA,642532,643966,-1,11.0,0,7.0,4.0,1
GCF_001046875_00605,GCF_001046875,GCF_001046875_0,GCF_001046875_00602,1,g,36.759,93,1.3500000000000001e-47,GCF_001046875_00605,0.0,0.6349206349206349,0.6,10.0,8.0,GCF_001046875_00602,101.0,GCF_001046875_00602,4.0,GCF_001046875_00602,94.0,tetrasphaera,jenkinsii,Tetrasphaera jenkinsii Ben 74,BN13_RS03035,"1,4-alpha-glucan branching protein GlgB",glgB,643962,646188,-1,10.0,0,7.0,3.0,1
GCF_001046875_00605,GCF_001046875,GCF_001046875_0,GCF_001046875_00603,1,g,36.759,93,1.3500000000000001e-47,GCF_001046875_00605,0.0,0.6349206349206349,0.6,10.0,8.0,GCF_001046875_00603,26.0,GCF_001046875_00603,4.0,GCF_001046875_00603,95.0,tetrasphaera,jenkinsii,Tetrasphaera jenkinsii Ben 74,BN13_RS03040,"phosphoglucomutase (alpha-D-glucose-1,6-bisphosphate-dependent)",pgm,646184,647849,-1,9.0,0,7.0,2.0,1
GCF_001046875_00605,GCF_001046875,GCF_001046875_0,GCF_001046875_00604,-1,g,36.759,93,1.3500000000000001e-47,GCF_001046875_00605,0.0,0.6349206349206349,0.6,10.0,8.0,GCF_001046875_00604,0.0,GCF_001046875_00604,4.0,GCF_001046875_00604,96.0,tetrasphaera,jenkinsii,Tetrasphaera jenkinsii Ben 74,BN13_RS03045,cyanophycin synthetase,cphA,648189,650958,-1,8.0,0,7.0,1.0,1
GCF_001046875_00605,GCF_001046875,GCF_001046875_0,GCF_001046875_00605,-1,g,36.759,93,1.3500000000000001e-47,GCF_001046875_00605,0.0,0.6349206349206349,0.6,10.0,8.0,GCF_001046875_00605,1.0,GCF_001046875_00605,4.0,GCF_001046875_00605,97.0,tetrasphaera,jenkinsii,Tetrasphaera jenkinsii Ben 74,BN13_RS03050,cyanophycinase,NA,651031,651898,-1,7.0,1,7.0,0.0,1
GCF_001046875_00605,GCF_001046875,GCF_001046875_0,GCF_001046875_00606,-1,g,36.759,93,1.3500000000000001e-47,GCF_001046875_00605,0.0,0.6349206349206349,0.6,10.0,8.0,GCF_001046875_00606,10.0,GCF_001046875_00606,4.0,GCF_001046875_00606,98.0,tetrasphaera,jenkinsii,Tetrasphaera jenkinsii Ben 74,BN13_RS03055,phosphoserine phosphatase SerB,serB,651902,652622,-1,6.0,0,7.0,-1.0,1
GCF_001046875_00605,GCF_001046875,GCF_001046875_0,GCF_001046875_00607,-1,g,36.759,93,1.3500000000000001e-47,GCF_001046875_00605,0.0,0.6349206349206349,0.6,10.0,8.0,GCF_001046875_00607,2.0,GCF_001046875_00607,4.0,GCF_001046875_00607,99.0,tetrasphaera,jenkinsii,Tetrasphaera jenkinsii Ben 74,BN13_RS03060,glucose-1-phosphate adenylyltransferase,glgC,652686,653940,-1,5.0,0,7.0,-2.0,1
GCF_001046875_00605,GCF_001046875,GCF_001046875_0,GCF_001046875_00608,1,g,36.759,93,1.3500000000000001e-47,GCF_001046875_00605,0.0,0.6349206349206349,0.6,10.0,8.0,GCF_001046875_00608,3.0,GCF_001046875_00608,4.0,GCF_001046875_00608,100.0,tetrasphaera,jenkinsii,Tetrasphaera jenkinsii Ben 74,BN13_RS03065,glycogen synthase,glgA,654039,655233,-1,4.0,0,7.0,-3.0,1
GCF_001046875_00605,GCF_001046875,GCF_001046875_0,GCF_001046875_00609,-1,g,36.759,93,1.3500000000000001e-47,GCF_001046875_00605,0.0,0.6349206349206349,0.6,10.0,8.0,GCF_001046875_00609,12.0,GCF_001046875_00609,4.0,GCF_001046875_00609,101.0,tetrasphaera,jenkinsii,Tetrasphaera jenkinsii Ben 74,BN13_RS03070,amino-acid N-acetyltransferase,argA,655278,656649,-1,3.0,0,7.0,-4.0,1
GCF_001046875_00605,GCF_001046875,GCF_001046875_0,GCF_001046875_00610,1,g,36.759,93,1.3500000000000001e-47,GCF_001046875_00605,0.0,0.6349206349206349,0.6,10.0,8.0,GCF_001046875_00610,8.0,GCF_001046875_00610,4.0,GCF_001046875_00610,102.0,tetrasphaera,jenkinsii,Tetrasphaera jenkinsii Ben 74,BN13_RS03075,ABC transporter ATP-binding protein,NA,656687,657485,-1,2.0,0,7.0,-5.0,1
GCF_001046875_00605,GCF_001046875,GCF_001046875_0,GCF_001046875_00611,1,g,36.759,93,1.3500000000000001e-47,GCF_001046875_00605,0.0,0.6349206349206349,0.6,10.0,8.0,GCF_001046875_00611,9.0,GCF_001046875_00611,4.0,GCF_001046875_00611,103.0,tetrasphaera,jenkinsii,Tetrasphaera jenkinsii Ben 74,BN13_RS03080,NfeD family protein,NA,657523,658000,-1,1.0,0,7.0,-6.0,1
GCF_001046855_01620,GCF_001046855,GCF_001046855_0,GCF_001046855_01617,-1,g,35.938,94,1.7499999999999998e-42,GCF_001046855_01620,0.0,0.6036630036630036,0.5,10.0,7.0,GCF_001046855_01617,82.0,GCF_001046855_01617,4.0,GCF_001046855_01617,85.0,tetrasphaera,japonica,Tetrasphaera japonica T1-X7,BN12_RS08160,hypothetical protein,NA,1816827,1818164,-1,8.0,0,5.0,3.0,1
GCF_001046855_01620,GCF_001046855,GCF_001046855_0,GCF_001046855_01618,1,g,35.938,94,1.7499999999999998e-42,GCF_001046855_01620,0.0,0.6036630036630036,0.5,10.0,7.0,GCF_001046855_01618,4.0,GCF_001046855_01618,4.0,GCF_001046855_01618,86.0,tetrasphaera,japonica,Tetrasphaera japonica T1-X7,BN12_RS08165,tetratricopeptide repeat protein,NA,1818264,1820051,-1,7.0,0,5.0,2.0,1
GCF_001046855_01620,GCF_001046855,GCF_001046855_0,GCF_001046855_01619,-1,g,35.938,94,1.7499999999999998e-42,GCF_001046855_01620,0.0,0.6036630036630036,0.5,10.0,7.0,GCF_001046855_01619,0.0,GCF_001046855_01619,4.0,GCF_001046855_01619,87.0,tetrasphaera,japonica,Tetrasphaera japonica T1-X7,BN12_RS08170,cyanophycin synthetase,cphA,1820114,1822946,-1,6.0,0,5.0,1.0,1
GCF_001046855_01620,GCF_001046855,GCF_001046855_0,GCF_001046855_01620,-1,g,35.938,94,1.7499999999999998e-42,GCF_001046855_01620,0.0,0.6036630036630036,0.5,10.0,7.0,GCF_001046855_01620,1.0,GCF_001046855_01620,4.0,GCF_001046855_01620,88.0,tetrasphaera,japonica,Tetrasphaera japonica T1-X7,BN12_RS08175,cyanophycinase,NA,1822971,1823832,-1,5.0,1,5.0,0.0,1
GCF_001046855_01620,GCF_001046855,GCF_001046855_0,GCF_001046855_01621,1,g,35.938,94,1.7499999999999998e-42,GCF_001046855_01620,0.0,0.6036630036630036,0.5,10.0,7.0,GCF_001046855_01621,92.0,GCF_001046855_01621,4.0,GCF_001046855_01621,89.0,tetrasphaera,japonica,Tetrasphaera japonica T1-X7,BN12_RS08180,S53 family peptidase,NA,1824095,1826078,-1,4.0,0,5.0,-1.0,1
GCF_001046855_01620,GCF_001046855,GCF_001046855_0,GCF_001046855_01622,-1,g,35.938,94,1.7499999999999998e-42,GCF_001046855_01620,0.0,0.6036630036630036,0.5,10.0,7.0,GCF_001046855_01622,5.0,GCF_001046855_01622,4.0,GCF_001046855_01622,90.0,tetrasphaera,japonica,Tetrasphaera japonica T1-X7,BN12_RS08185,phosphoserine phosphatase SerB,serB,1826196,1827420,-1,3.0,0,5.0,-2.0,1
GCF_001046855_01620,GCF_001046855,GCF_001046855_0,GCF_001046855_01623,-1,g,35.938,94,1.7499999999999998e-42,GCF_001046855_01620,0.0,0.6036630036630036,0.5,10.0,7.0,GCF_001046855_01623,2.0,GCF_001046855_01623,4.0,GCF_001046855_01623,91.0,tetrasphaera,japonica,Tetrasphaera japonica T1-X7,BN12_RS08190,glucose-1-phosphate adenylyltransferase,glgC,1827431,1828691,-1,2.0,0,5.0,-3.0,1
GCF_001046855_01620,GCF_001046855,GCF_001046855_0,GCF_001046855_01624,1,g,35.938,94,1.7499999999999998e-42,GCF_001046855_01620,0.0,0.6036630036630036,0.5,10.0,7.0,GCF_001046855_01624,3.0,GCF_001046855_01624,4.0,GCF_001046855_01624,92.0,tetrasphaera,japonica,Tetrasphaera japonica T1-X7,BN12_RS08195,glycogen synthase,glgA,1828756,1829953,-1,1.0,0,5.0,-4.0,1
GCF_009184895_02175,GCF_009184895,GCF_009184895_32,GCF_009184895_02169,-1,g,36.397,100,6.3500000000000005e-47,GCF_009184895_02175,0.0,0.525,0.0,10.0,10.0,GCF_009184895_02169,9.0,GCF_009184895_02169,4.0,GCF_009184895_02169,115.0,tetrasphaera,sp.,Tetrasphaera sp. F2B08,GA707_RS07795,NfeD family protein,NA,70806,71265,1,1.0,0,7.0,-6.0,1
GCF_009184895_02175,GCF_009184895,GCF_009184895_32,GCF_009184895_02170,-1,g,36.397,100,6.3500000000000005e-47,GCF_009184895_02175,0.0,0.525,0.0,10.0,10.0,GCF_009184895_02170,8.0,GCF_009184895_02170,4.0,GCF_009184895_02170,116.0,tetrasphaera,sp.,Tetrasphaera sp. F2B08,GA707_RS07800,ABC transporter ATP-binding protein,NA,71436,72219,1,2.0,0,7.0,-5.0,1
GCF_009184895_02175,GCF_009184895,GCF_009184895_32,GCF_009184895_02171,1,g,36.397,100,6.3500000000000005e-47,GCF_009184895_02175,0.0,0.525,0.0,10.0,10.0,GCF_009184895_02171,83.0,GCF_009184895_02171,4.0,GCF_009184895_02171,117.0,tetrasphaera,sp.,Tetrasphaera sp. F2B08,GA707_RS07805,hypothetical protein,NA,72272,73022,1,3.0,0,7.0,-4.0,1
GCF_009184895_02175,GCF_009184895,GCF_009184895_32,GCF_009184895_02172,-1,g,36.397,100,6.3500000000000005e-47,GCF_009184895_02175,0.0,0.525,0.0,10.0,10.0,GCF_009184895_02172,3.0,GCF_009184895_02172,4.0,GCF_009184895_02172,118.0,tetrasphaera,sp.,Tetrasphaera sp. F2B08,GA707_RS07810,glycogen synthase,glgA,72985,74191,1,4.0,0,7.0,-3.0,1
GCF_009184895_02175,GCF_009184895,GCF_009184895_32,GCF_009184895_02173,1,g,36.397,100,6.3500000000000005e-47,GCF_009184895_02175,0.0,0.525,0.0,10.0,10.0,GCF_009184895_02173,2.0,GCF_009184895_02173,4.0,GCF_009184895_02173,119.0,tetrasphaera,sp.,Tetrasphaera sp. F2B08,GA707_RS07815,glucose-1-phosphate adenylyltransferase,glgC,74257,75508,1,5.0,0,7.0,-2.0,1
GCF_009184895_02175,GCF_009184895,GCF_009184895_32,GCF_009184895_02174,1,g,36.397,100,6.3500000000000005e-47,GCF_009184895_02175,0.0,0.525,0.0,10.0,10.0,GCF_009184895_02174,5.0,GCF_009184895_02174,4.0,GCF_009184895_02174,120.0,tetrasphaera,sp.,Tetrasphaera sp. F2B08,GA707_RS07820,phosphoserine phosphatase SerB,serB,75604,76858,1,6.0,0,7.0,-1.0,1
GCF_009184895_02175,GCF_009184895,GCF_009184895_32,GCF_009184895_02175,1,g,36.397,100,6.3500000000000005e-47,GCF_009184895_02175,0.0,0.525,0.0,10.0,10.0,GCF_009184895_02175,1.0,GCF_009184895_02175,4.0,GCF_009184895_02175,121.0,tetrasphaera,sp.,Tetrasphaera sp. F2B08,GA707_RS07825,cyanophycinase,NA,76854,77700,1,7.0,1,7.0,0.0,1
GCF_009184895_02175,GCF_009184895,GCF_009184895_32,GCF_009184895_02176,1,g,36.397,100,6.3500000000000005e-47,GCF_009184895_02175,0.0,0.525,0.0,10.0,10.0,GCF_009184895_02176,0.0,GCF_009184895_02176,4.0,GCF_009184895_02176,122.0,tetrasphaera,sp.,Tetrasphaera sp. F2B08,GA707_RS07830,cyanophycin synthetase,cphA,77759,80570,1,8.0,0,7.0,1.0,1
GCF_009184895_02175,GCF_009184895,GCF_009184895_32,GCF_009184895_02177,-1,g,36.397,100,6.3500000000000005e-47,GCF_009184895_02175,0.0,0.525,0.0,10.0,10.0,GCF_009184895_02177,4.0,GCF_009184895_02177,4.0,GCF_009184895_02177,123.0,tetrasphaera,sp.,Tetrasphaera sp. F2B08,GA707_RS07835,tetratricopeptide repeat protein,NA,80610,82851,1,9.0,0,7.0,2.0,1
GCF_009184895_02175,GCF_009184895,GCF_009184895_32,GCF_009184895_02178,-1,g,36.397,100,6.3500000000000005e-47,GCF_009184895_02175,0.0,0.525,0.0,10.0,10.0,GCF_009184895_02178,13.0,GCF_009184895_02178,4.0,GCF_009184895_02178,124.0,tetrasphaera,sp.,Tetrasphaera sp. F2B08,GA707_RS07840,enoyl-ACP reductase FabI,fabI,82856,83642,1,10.0,0,7.0,3.0,1
GCF_001050535_01443,GCF_001050535,GCF_001050535_0,GCF_001050535_01437,-1,g,35.039,93,2.0100000000000002e-47,GCF_001050535_01443,0.0,0.569327731092437,0.5,10.0,9.0,GCF_001050535_01437,9.0,GCF_001050535_01437,4.0,GCF_001050535_01437,104.0,tetrasphaera,australiensis,Tetrasphaera australiensis Ben110,BN11_RS07155,NfeD family protein,NA,1487480,1487945,1,1.0,0,7.0,-6.0,1
GCF_001050535_01443,GCF_001050535,GCF_001050535_0,GCF_001050535_01438,-1,g,35.039,93,2.0100000000000002e-47,GCF_001050535_01443,0.0,0.569327731092437,0.5,10.0,9.0,GCF_001050535_01438,8.0,GCF_001050535_01438,4.0,GCF_001050535_01438,105.0,tetrasphaera,australiensis,Tetrasphaera australiensis Ben110,BN11_RS07160,ABC transporter ATP-binding protein,NA,1487949,1488738,1,2.0,0,7.0,-5.0,1
GCF_001050535_01443,GCF_001050535,GCF_001050535_0,GCF_001050535_01439,1,g,35.039,93,2.0100000000000002e-47,GCF_001050535_01443,0.0,0.569327731092437,0.5,10.0,9.0,GCF_001050535_01439,12.0,GCF_001050535_01439,4.0,GCF_001050535_01439,106.0,tetrasphaera,australiensis,Tetrasphaera australiensis Ben110,BN11_RS07165,amino-acid N-acetyltransferase,argA,1488809,1490192,1,3.0,0,7.0,-4.0,1
GCF_001050535_01443,GCF_001050535,GCF_001050535_0,GCF_001050535_01440,-1,g,35.039,93,2.0100000000000002e-47,GCF_001050535_01443,0.0,0.569327731092437,0.5,10.0,9.0,GCF_001050535_01440,3.0,GCF_001050535_01440,4.0,GCF_001050535_01440,107.0,tetrasphaera,australiensis,Tetrasphaera australiensis Ben110,BN11_RS07170,glycogen synthase,glgA,1490300,1491494,1,4.0,0,7.0,-3.0,1
GCF_001050535_01443,GCF_001050535,GCF_001050535_0,GCF_001050535_01441,1,g,35.039,93,2.0100000000000002e-47,GCF_001050535_01443,0.0,0.569327731092437,0.5,10.0,9.0,GCF_001050535_01441,2.0,GCF_001050535_01441,4.0,GCF_001050535_01441,108.0,tetrasphaera,australiensis,Tetrasphaera australiensis Ben110,BN11_RS07175,glucose-1-phosphate adenylyltransferase,glgC,1491607,1492858,1,5.0,0,7.0,-2.0,1
GCF_001050535_01443,GCF_001050535,GCF_001050535_0,GCF_001050535_01442,1,g,35.039,93,2.0100000000000002e-47,GCF_001050535_01443,0.0,0.569327731092437,0.5,10.0,9.0,GCF_001050535_01442,10.0,GCF_001050535_01442,4.0,GCF_001050535_01442,109.0,tetrasphaera,australiensis,Tetrasphaera australiensis Ben110,BN11_RS07180,phosphoserine phosphatase SerB,serB,1492854,1493526,1,6.0,0,7.0,-1.0,1
GCF_001050535_01443,GCF_001050535,GCF_001050535_0,GCF_001050535_01443,1,g,35.039,93,2.0100000000000002e-47,GCF_001050535_01443,0.0,0.569327731092437,0.5,10.0,9.0,GCF_001050535_01443,1.0,GCF_001050535_01443,4.0,GCF_001050535_01443,110.0,tetrasphaera,australiensis,Tetrasphaera australiensis Ben110,BN11_RS07185,cyanophycinase,NA,1493619,1494486,1,7.0,1,7.0,0.0,1
GCF_001050535_01443,GCF_001050535,GCF_001050535_0,GCF_001050535_01444,1,g,35.039,93,2.0100000000000002e-47,GCF_001050535_01443,0.0,0.569327731092437,0.5,10.0,9.0,GCF_001050535_01444,0.0,GCF_001050535_01444,4.0,GCF_001050535_01444,111.0,tetrasphaera,australiensis,Tetrasphaera australiensis Ben110,BN11_RS07190,cyanophycin synthetase,cphA,1494511,1497304,1,8.0,0,7.0,1.0,1
GCF_001050535_01443,GCF_001050535,GCF_001050535_0,GCF_001050535_01445,-1,g,35.039,93,2.0100000000000002e-47,GCF_001050535_01443,0.0,0.569327731092437,0.5,10.0,9.0,GCF_001050535_01445,4.0,GCF_001050535_01445,4.0,GCF_001050535_01445,112.0,tetrasphaera,australiensis,Tetrasphaera australiensis Ben110,BN11_RS07195,tetratricopeptide repeat protein,NA,1497300,1499205,1,9.0,0,7.0,2.0,1
GCF_001050535_01443,GCF_001050535,GCF_001050535_0,GCF_001050535_01446,1,g,35.039,93,2.0100000000000002e-47,GCF_001050535_01443,0.0,0.569327731092437,0.5,10.0,9.0,GCF_001050535_01446,69.0,GCF_001050535_01446,4.0,GCF_001050535_01446,113.0,tetrasphaera,australiensis,Tetrasphaera australiensis Ben110,BN11_RS07200,IS256 family transposase,NA,1499305,1500153,1,10.0,0,7.0,3.0,1
GCF_001050535_01443,GCF_001050535,GCF_001050535_0,GCF_001050535_01447,1,g,35.039,93,2.0100000000000002e-47,GCF_001050535_01443,0.0,0.569327731092437,0.5,10.0,9.0,GCF_001050535_01447,73.0,GCF_001050535_01447,4.0,GCF_001050535_01447,114.0,tetrasphaera,australiensis,Tetrasphaera australiensis Ben110,BN11_RS07205,heavy metal-responsive transcriptional regulator,NA,1500261,1500615,1,11.0,0,7.0,4.0,1
GCF_009707485_00857,GCF_009707485,GCF_009707485_0,GCF_009707485_00853,1,g,34.783,93,1.1e-46,GCF_009707485_00857,0.0,0.6305304172951232,0.5,10.0,11.0,GCF_009707485_00853,13.0,GCF_009707485_00853,4.0,GCF_009707485_00853,125.0,tetrasphaera,sp.,Tetrasphaera sp. HKS02,GKE56_RS04255,enoyl-ACP reductase FabI,fabI,907238,907997,-1,11.0,0,7.0,4.0,1
GCF_009707485_00857,GCF_009707485,GCF_009707485_0,GCF_009707485_00854,1,g,34.783,93,1.1e-46,GCF_009707485_00857,0.0,0.6305304172951232,0.5,10.0,11.0,GCF_009707485_00854,4.0,GCF_009707485_00854,4.0,GCF_009707485_00854,126.0,tetrasphaera,sp.,Tetrasphaera sp. HKS02,GKE56_RS04260,tetratricopeptide repeat protein,NA,908021,910208,-1,10.0,0,7.0,3.0,1
GCF_009707485_00857,GCF_009707485,GCF_009707485_0,GCF_009707485_00855,-1,g,34.783,93,1.1e-46,GCF_009707485_00857,0.0,0.6305304172951232,0.5,10.0,11.0,GCF_009707485_00855,0.0,GCF_009707485_00855,4.0,GCF_009707485_00855,127.0,tetrasphaera,sp.,Tetrasphaera sp. HKS02,GKE56_RS04265,cyanophycin synthetase,cphA,910237,912589,-1,9.0,0,7.0,2.0,1
GCF_009707485_00857,GCF_009707485,GCF_009707485_0,GCF_009707485_00856,-1,g,34.783,93,1.1e-46,GCF_009707485_00857,0.0,0.6305304172951232,0.5,10.0,11.0,GCF_009707485_00856,17.0,GCF_009707485_00856,4.0,GCF_009707485_00856,128.0,tetrasphaera,sp.,Tetrasphaera sp. HKS02,GKE56_RS17215,hypothetical protein,NA,912536,913241,-1,8.0,0,7.0,1.0,1
GCF_009707485_00857,GCF_009707485,GCF_009707485_0,GCF_009707485_00857,-1,g,34.783,93,1.1e-46,GCF_009707485_00857,0.0,0.6305304172951232,0.5,10.0,11.0,GCF_009707485_00857,1.0,GCF_009707485_00857,4.0,GCF_009707485_00857,129.0,tetrasphaera,sp.,Tetrasphaera sp. HKS02,GKE56_RS04270,cyanophycinase,NA,913125,913998,-1,7.0,1,7.0,0.0,1
GCF_009707485_00857,GCF_009707485,GCF_009707485_0,GCF_009707485_00858,-1,g,34.783,93,1.1e-46,GCF_009707485_00857,0.0,0.6305304172951232,0.5,10.0,11.0,GCF_009707485_00858,5.0,GCF_009707485_00858,4.0,GCF_009707485_00858,130.0,tetrasphaera,sp.,Tetrasphaera sp. HKS02,GKE56_RS04275,phosphoserine phosphatase SerB,serB,914014,915238,-1,6.0,0,7.0,-1.0,1
GCF_009707485_00857,GCF_009707485,GCF_009707485_0,GCF_009707485_00859,1,g,34.783,93,1.1e-46,GCF_009707485_00857,0.0,0.6305304172951232,0.5,10.0,11.0,GCF_009707485_00859,30.0,GCF_009707485_00859,4.0,GCF_009707485_00859,131.0,tetrasphaera,sp.,Tetrasphaera sp. HKS02,GKE56_RS04280,hypothetical protein,NA,915552,916191,-1,5.0,0,7.0,-2.0,1
GCF_009707485_00857,GCF_009707485,GCF_009707485_0,GCF_009707485_00860,1,g,34.783,93,1.1e-46,GCF_009707485_00857,0.0,0.6305304172951232,0.5,10.0,11.0,GCF_009707485_00860,33.0,GCF_009707485_00860,4.0,GCF_009707485_00860,132.0,tetrasphaera,sp.,Tetrasphaera sp. HKS02,GKE56_RS04285,hypothetical protein,NA,916200,916440,-1,4.0,0,7.0,-3.0,1
GCF_009707485_00857,GCF_009707485,GCF_009707485_0,GCF_009707485_00861,-1,p,34.783,93,1.1e-46,GCF_009707485_00857,0.0,0.6305304172951232,0.5,10.0,11.0,GCF_009707485_00861,102.0,,,,135.0,tetrasphaera,sp.,Tetrasphaera sp. HKS02,GKE56_RS04290,LLM class F420-dependent oxidoreductase,NA,916646,917460,-1,3.0,0,7.0,-4.0,1
GCF_009707485_00857,GCF_009707485,GCF_009707485_0,GCF_009707485_00862,-1,g,34.783,93,1.1e-46,GCF_009707485_00857,0.0,0.6305304172951232,0.5,10.0,11.0,GCF_009707485_00862,2.0,GCF_009707485_00862,4.0,GCF_009707485_00862,133.0,tetrasphaera,sp.,Tetrasphaera sp. HKS02,GKE56_RS04295,glucose-1-phosphate adenylyltransferase,glgC,917456,918710,-1,2.0,0,7.0,-5.0,1
GCF_009707485_00857,GCF_009707485,GCF_009707485_0,GCF_009707485_00863,1,g,34.783,93,1.1e-46,GCF_009707485_00857,0.0,0.6305304172951232,0.5,10.0,11.0,GCF_009707485_00863,3.0,GCF_009707485_00863,4.0,GCF_009707485_00863,134.0,tetrasphaera,sp.,Tetrasphaera sp. HKS02,GKE56_RS04300,glycogen synthase,glgA,918772,919981,-1,1.0,0,7.0,-6.0,1
