ortho_cluster_id,ortho_cluster_members,i_val,mmseqs_cluster_representative,orf_id,mmseqs_cluster_id
0,GCF_001046875_00604,1.2,GCF_001046875_00604,GCF_001046875_00604,96
0,GCF_001046875_00604,1.4,GCF_001046875_00604,GCF_001046875_00604,96
0,GCF_001046875_00604,2.0,GCF_001046875_00604,GCF_001046875_00604,96
0,GCF_001046875_00604,4.0,GCF_001046875_00604,GCF_001046875_00604,96
0,GCF_001046875_00604,6.0,GCF_001046875_00604,GCF_001046875_00604,96
0,GCF_001050535_01444,1.2,GCF_001050535_01444,GCF_001050535_01444,111
0,GCF_001050535_01444,1.4,GCF_001050535_01444,GCF_001050535_01444,111
0,GCF_001050535_01444,2.0,GCF_001050535_01444,GCF_001050535_01444,111
0,GCF_001050535_01444,4.0,GCF_001050535_01444,GCF_001050535_01444,111
0,GCF_001050535_01444,6.0,GCF_001050535_01444,GCF_001050535_01444,111
0,GCF_001046855_01619,1.2,GCF_001046855_01619,GCF_001046855_01619,87
0,GCF_001046855_01619,1.4,GCF_001046855_01619,GCF_001046855_01619,87
0,GCF_001046855_01619,2.0,GCF_001046855_01619,GCF_001046855_01619,87
0,GCF_001046855_01619,4.0,GCF_001046855_01619,GCF_001046855_01619,87
0,GCF_001046855_01619,6.0,GCF_001046855_01619,GCF_001046855_01619,87
0,GCF_009184895_02176,1.2,GCF_009184895_02176,GCF_009184895_02176,122
0,GCF_009184895_02176,1.4,GCF_009184895_02176,GCF_009184895_02176,122
0,GCF_009184895_02176,2.0,GCF_009184895_02176,GCF_009184895_02176,122
0,GCF_009184895_02176,4.0,GCF_009184895_02176,GCF_009184895_02176,122
0,GCF_009184895_02176,6.0,GCF_009184895_02176,GCF_009184895_02176,122
0,GCF_009707485_00855,1.2,GCF_009707485_00855,GCF_009707485_00855,127
0,GCF_009707485_00855,1.4,GCF_009707485_00855,GCF_009707485_00855,127
0,GCF_009707485_00855,2.0,GCF_009707485_00855,GCF_009707485_00855,127
0,GCF_009707485_00855,4.0,GCF_009707485_00855,GCF_009707485_00855,127
0,GCF_009707485_00855,6.0,GCF_009707485_00855,GCF_009707485_00855,127
1,GCF_001046875_00605,1.2,GCF_001046875_00605,GCF_001046875_00605,97
1,GCF_001046875_00605,1.4,GCF_001046875_00605,GCF_001046875_00605,97
1,GCF_001046875_00605,2.0,GCF_001046875_00605,GCF_001046875_00605,97
1,GCF_001046875_00605,4.0,GCF_001046875_00605,GCF_001046875_00605,97
1,GCF_001046875_00605,6.0,GCF_001046875_00605,GCF_001046875_00605,97
1,GCF_001050535_01443,1.2,GCF_001050535_01443,GCF_001050535_01443,110
1,GCF_001050535_01443,1.4,GCF_001050535_01443,GCF_001050535_01443,110
1,GCF_001050535_01443,2.0,GCF_001050535_01443,GCF_001050535_01443,110
1,GCF_001050535_01443,4.0,GCF_001050535_01443,GCF_001050535_01443,110
1,GCF_001050535_01443,6.0,GCF_001050535_01443,GCF_001050535_01443,110
1,GCF_009707485_00857,1.2,GCF_009707485_00857,GCF_009707485_00857,129
1,GCF_009707485_00857,1.4,GCF_009707485_00857,GCF_009707485_00857,129
1,GCF_009707485_00857,2.0,GCF_009707485_00857,GCF_009707485_00857,129
1,GCF_009707485_00857,4.0,GCF_009707485_00857,GCF_009707485_00857,129
1,GCF_009707485_00857,6.0,GCF_009707485_00857,GCF_009707485_00857,129
1,GCF_001046855_01620,1.2,GCF_001046855_01620,GCF_001046855_01620,88
1,GCF_001046855_01620,1.4,GCF_001046855_01620,GCF_001046855_01620,88
1,GCF_001046855_01620,2.0,GCF_001046855_01620,GCF_001046855_01620,88
1,GCF_001046855_01620,4.0,GCF_001046855_01620,GCF_001046855_01620,88
1,GCF_001046855_01620,6.0,GCF_001046855_01620,GCF_001046855_01620,88
1,GCF_009184895_02175,1.2,GCF_009184895_02175,GCF_009184895_02175,121
1,GCF_009184895_02175,1.4,GCF_009184895_02175,GCF_009184895_02175,121
1,GCF_009184895_02175,2.0,GCF_009184895_02175,GCF_009184895_02175,121
1,GCF_009184895_02175,4.0,GCF_009184895_02175,GCF_009184895_02175,121
1,GCF_009184895_02175,6.0,GCF_009184895_02175,GCF_009184895_02175,121
2,GCF_001046875_00606,1.2,GCF_001046875_00606,GCF_001046875_00606,98
2,GCF_001046875_00606,1.4,GCF_001046875_00606,GCF_001046875_00606,98
2,GCF_001046875_00606,2.0,GCF_001046875_00606,GCF_001046875_00606,98
10,GCF_001046875_00606,4.0,GCF_001046875_00606,GCF_001046875_00606,98
10,GCF_001046875_00606,6.0,GCF_001046875_00606,GCF_001046875_00606,98
2,GCF_009707485_00858,1.2,GCF_009707485_00858,GCF_009707485_00858,130
2,GCF_009707485_00858,1.4,GCF_009707485_00858,GCF_009707485_00858,130
2,GCF_009707485_00858,2.0,GCF_009707485_00858,GCF_009707485_00858,130
5,GCF_009707485_00858,4.0,GCF_009707485_00858,GCF_009707485_00858,130
5,GCF_009707485_00858,6.0,GCF_009707485_00858,GCF_009707485_00858,130
2,GCF_001046855_01622,1.2,GCF_001046855_01622,GCF_001046855_01622,90
2,GCF_001046855_01622,1.4,GCF_001046855_01622,GCF_001046855_01622,90
2,GCF_001046855_01622,2.0,GCF_001046855_01622,GCF_001046855_01622,90
5,GCF_001046855_01622,4.0,GCF_001046855_01622,GCF_001046855_01622,90
5,GCF_001046855_01622,6.0,GCF_001046855_01622,GCF_001046855_01622,90
2,GCF_009184895_02174,1.2,GCF_009184895_02174,GCF_009184895_02174,120
2,GCF_009184895_02174,1.4,GCF_009184895_02174,GCF_009184895_02174,120
2,GCF_009184895_02174,2.0,GCF_009184895_02174,GCF_009184895_02174,120
5,GCF_009184895_02174,4.0,GCF_009184895_02174,GCF_009184895_02174,120
5,GCF_009184895_02174,6.0,GCF_009184895_02174,GCF_009184895_02174,120
2,GCF_001050535_01442,1.2,GCF_001050535_01442,GCF_001050535_01442,109
2,GCF_001050535_01442,1.4,GCF_001050535_01442,GCF_001050535_01442,109
2,GCF_001050535_01442,2.0,GCF_001050535_01442,GCF_001050535_01442,109
10,GCF_001050535_01442,4.0,GCF_001050535_01442,GCF_001050535_01442,109
10,GCF_001050535_01442,6.0,GCF_001050535_01442,GCF_001050535_01442,109
3,GCF_001046875_00607,1.2,GCF_001046875_00607,GCF_001046875_00607,99
3,GCF_001046875_00607,1.4,GCF_001046875_00607,GCF_001046875_00607,99
3,GCF_001046875_00607,2.0,GCF_001046875_00607,GCF_001046875_00607,99
2,GCF_001046875_00607,4.0,GCF_001046875_00607,GCF_001046875_00607,99
2,GCF_001046875_00607,6.0,GCF_001046875_00607,GCF_001046875_00607,99
3,GCF_001050535_01441,1.2,GCF_001050535_01441,GCF_001050535_01441,108
3,GCF_001050535_01441,1.4,GCF_001050535_01441,GCF_001050535_01441,108
3,GCF_001050535_01441,2.0,GCF_001050535_01441,GCF_001050535_01441,108
2,GCF_001050535_01441,4.0,GCF_001050535_01441,GCF_001050535_01441,108
2,GCF_001050535_01441,6.0,GCF_001050535_01441,GCF_001050535_01441,108
3,GCF_001046855_01623,1.2,GCF_001046855_01623,GCF_001046855_01623,91
3,GCF_001046855_01623,1.4,GCF_001046855_01623,GCF_001046855_01623,91
3,GCF_001046855_01623,2.0,GCF_001046855_01623,GCF_001046855_01623,91
2,GCF_001046855_01623,4.0,GCF_001046855_01623,GCF_001046855_01623,91
2,GCF_001046855_01623,6.0,GCF_001046855_01623,GCF_001046855_01623,91
3,GCF_009184895_02173,1.2,GCF_009184895_02173,GCF_009184895_02173,119
3,GCF_009184895_02173,1.4,GCF_009184895_02173,GCF_009184895_02173,119
3,GCF_009184895_02173,2.0,GCF_009184895_02173,GCF_009184895_02173,119
2,GCF_009184895_02173,4.0,GCF_009184895_02173,GCF_009184895_02173,119
2,GCF_009184895_02173,6.0,GCF_009184895_02173,GCF_009184895_02173,119
3,GCF_009707485_00862,1.2,GCF_009707485_00862,GCF_009707485_00862,133
3,GCF_009707485_00862,1.4,GCF_009707485_00862,GCF_009707485_00862,133
3,GCF_009707485_00862,2.0,GCF_009707485_00862,GCF_009707485_00862,133
2,GCF_009707485_00862,4.0,GCF_009707485_00862,GCF_009707485_00862,133
2,GCF_009707485_00862,6.0,GCF_009707485_00862,GCF_009707485_00862,133
4,GCF_001046875_00608,1.2,GCF_001046875_00608,GCF_001046875_00608,100
4,GCF_001046875_00608,1.4,GCF_001046875_00608,GCF_001046875_00608,100
4,GCF_001046875_00608,2.0,GCF_001046875_00608,GCF_001046875_00608,100
3,GCF_001046875_00608,4.0,GCF_001046875_00608,GCF_001046875_00608,100
3,GCF_001046875_00608,6.0,GCF_001046875_00608,GCF_001046875_00608,100
4,GCF_001050535_01440,1.2,GCF_001050535_01440,GCF_001050535_01440,107
4,GCF_001050535_01440,1.4,GCF_001050535_01440,GCF_001050535_01440,107
4,GCF_001050535_01440,2.0,GCF_001050535_01440,GCF_001050535_01440,107
3,GCF_001050535_01440,4.0,GCF_001050535_01440,GCF_001050535_01440,107
3,GCF_001050535_01440,6.0,GCF_001050535_01440,GCF_001050535_01440,107
4,GCF_009707485_00863,1.2,GCF_009707485_00863,GCF_009707485_00863,134
4,GCF_009707485_00863,1.4,GCF_009707485_00863,GCF_009707485_00863,134
4,GCF_009707485_00863,2.0,GCF_009707485_00863,GCF_009707485_00863,134
3,GCF_009707485_00863,4.0,GCF_009707485_00863,GCF_009707485_00863,134
3,GCF_009707485_00863,6.0,GCF_009707485_00863,GCF_009707485_00863,134
4,GCF_009184895_02172,1.2,GCF_009184895_02172,GCF_009184895_02172,118
4,GCF_009184895_02172,1.4,GCF_009184895_02172,GCF_009184895_02172,118
4,GCF_009184895_02172,2.0,GCF_009184895_02172,GCF_009184895_02172,118
3,GCF_009184895_02172,4.0,GCF_009184895_02172,GCF_009184895_02172,118
3,GCF_009184895_02172,6.0,GCF_009184895_02172,GCF_009184895_02172,118
4,GCF_001046855_01624,1.2,GCF_001046855_01624,GCF_001046855_01624,92
4,GCF_001046855_01624,1.4,GCF_001046855_01624,GCF_001046855_01624,92
4,GCF_001046855_01624,2.0,GCF_001046855_01624,GCF_001046855_01624,92
3,GCF_001046855_01624,4.0,GCF_001046855_01624,GCF_001046855_01624,92
3,GCF_001046855_01624,6.0,GCF_001046855_01624,GCF_001046855_01624,92
5,GCF_001050535_01445,1.2,GCF_001050535_01445,GCF_001050535_01445,112
5,GCF_001050535_01445,1.4,GCF_001050535_01445,GCF_001050535_01445,112
5,GCF_001050535_01445,2.0,GCF_001050535_01445,GCF_001050535_01445,112
4,GCF_001050535_01445,4.0,GCF_001050535_01445,GCF_001050535_01445,112
4,GCF_001050535_01445,6.0,GCF_001050535_01445,GCF_001050535_01445,112
5,GCF_009707485_00854,1.2,GCF_009707485_00854,GCF_009707485_00854,126
5,GCF_009707485_00854,1.4,GCF_009707485_00854,GCF_009707485_00854,126
5,GCF_009707485_00854,2.0,GCF_009707485_00854,GCF_009707485_00854,126
4,GCF_009707485_00854,4.0,GCF_009707485_00854,GCF_009707485_00854,126
4,GCF_009707485_00854,6.0,GCF_009707485_00854,GCF_009707485_00854,126
5,GCF_009184895_02177,1.2,GCF_009184895_02177,GCF_009184895_02177,123
5,GCF_009184895_02177,1.4,GCF_009184895_02177,GCF_009184895_02177,123
5,GCF_009184895_02177,2.0,GCF_009184895_02177,GCF_009184895_02177,123
4,GCF_009184895_02177,4.0,GCF_009184895_02177,GCF_009184895_02177,123
4,GCF_009184895_02177,6.0,GCF_009184895_02177,GCF_009184895_02177,123
5,GCF_001046855_01618,1.2,GCF_001046855_01618,GCF_001046855_01618,86
5,GCF_001046855_01618,1.4,GCF_001046855_01618,GCF_001046855_01618,86
5,GCF_001046855_01618,2.0,GCF_001046855_01618,GCF_001046855_01618,86
4,GCF_001046855_01618,4.0,GCF_001046855_01618,GCF_001046855_01618,86
4,GCF_001046855_01618,6.0,GCF_001046855_01618,GCF_001046855_01618,86
6,GCF_000332235_02685,1.2,GCF_000332235_02685,GCF_000332235_02685,69
6,GCF_000332235_02685,1.4,GCF_000332235_02685,GCF_000332235_02685,69
6,GCF_000332235_02685,2.0,GCF_000332235_02685,GCF_000332235_02685,69
6,GCF_000332235_02685,4.0,GCF_000332235_02685,GCF_000332235_02685,69
6,GCF_000332235_02685,6.0,GCF_000332235_02685,GCF_000332235_02685,69
6,GCF_000204075_01842,1.2,GCF_000204075_01842,GCF_000204075_01842,59
6,GCF_000204075_01842,1.4,GCF_000204075_01842,GCF_000204075_01842,59
6,GCF_000204075_01842,2.0,GCF_000204075_01842,GCF_000204075_01842,59
6,GCF_000204075_01842,4.0,GCF_000204075_01842,GCF_000204075_01842,59
6,GCF_000204075_01842,6.0,GCF_000204075_01842,GCF_000204075_01842,59
6,GCF_000340785_01347,1.2,GCF_000340785_01347,GCF_000340785_01347,79
6,GCF_000340785_01347,1.4,GCF_000340785_01347,GCF_000340785_01347,79
6,GCF_000340785_01347,2.0,GCF_000340785_01347,GCF_000340785_01347,79
6,GCF_000340785_01347,4.0,GCF_000340785_01347,GCF_000340785_01347,79
6,GCF_000340785_01347,6.0,GCF_000340785_01347,GCF_000340785_01347,79
7,GCF_000332235_02686,1.2,GCF_000332235_02686,GCF_000332235_02686,70
7,GCF_000332235_02686,1.4,GCF_000332235_02686,GCF_000332235_02686,70
7,GCF_000332235_02686,2.0,GCF_000332235_02686,GCF_000332235_02686,70
7,GCF_000332235_02686,4.0,GCF_000332235_02686,GCF_000332235_02686,70
7,GCF_000332235_02686,6.0,GCF_000332235_02686,GCF_000332235_02686,70
7,GCF_000340785_01348,1.2,GCF_000340785_01348,GCF_000340785_01348,80
7,GCF_000340785_01348,1.4,GCF_000340785_01348,GCF_000340785_01348,80
7,GCF_000340785_01348,2.0,GCF_000340785_01348,GCF_000340785_01348,80
7,GCF_000340785_01348,4.0,GCF_000340785_01348,GCF_000340785_01348,80
7,GCF_000340785_01348,6.0,GCF_000340785_01348,GCF_000340785_01348,80
7,GCF_000204075_01843,1.2,GCF_000204075_01843,GCF_000204075_01843,60
7,GCF_000204075_01843,1.4,GCF_000204075_01843,GCF_000204075_01843,60
7,GCF_000204075_01843,2.0,GCF_000204075_01843,GCF_000204075_01843,60
7,GCF_000204075_01843,4.0,GCF_000204075_01843,GCF_000204075_01843,60
7,GCF_000204075_01843,6.0,GCF_000204075_01843,GCF_000204075_01843,60
8,GCF_001046875_00610,1.2,GCF_001046875_00610,GCF_001046875_00610,102
8,GCF_001046875_00610,1.4,GCF_001046875_00610,GCF_001046875_00610,102
8,GCF_001046875_00610,2.0,GCF_001046875_00610,GCF_001046875_00610,102
8,GCF_001046875_00610,4.0,GCF_001046875_00610,GCF_001046875_00610,102
8,GCF_001046875_00610,6.0,GCF_001046875_00610,GCF_001046875_00610,102
8,GCF_001050535_01438,1.2,GCF_001050535_01438,GCF_001050535_01438,105
8,GCF_001050535_01438,1.4,GCF_001050535_01438,GCF_001050535_01438,105
8,GCF_001050535_01438,2.0,GCF_001050535_01438,GCF_001050535_01438,105
8,GCF_001050535_01438,4.0,GCF_001050535_01438,GCF_001050535_01438,105
8,GCF_001050535_01438,6.0,GCF_001050535_01438,GCF_001050535_01438,105
8,GCF_009184895_02170,1.2,GCF_009184895_02170,GCF_009184895_02170,116
8,GCF_009184895_02170,1.4,GCF_009184895_02170,GCF_009184895_02170,116
8,GCF_009184895_02170,2.0,GCF_009184895_02170,GCF_009184895_02170,116
8,GCF_009184895_02170,4.0,GCF_009184895_02170,GCF_009184895_02170,116
8,GCF_009184895_02170,6.0,GCF_009184895_02170,GCF_009184895_02170,116
9,GCF_001046875_00611,1.2,GCF_001046875_00611,GCF_001046875_00611,103
9,GCF_001046875_00611,1.4,GCF_001046875_00611,GCF_001046875_00611,103
9,GCF_001046875_00611,2.0,GCF_001046875_00611,GCF_001046875_00611,103
9,GCF_001046875_00611,4.0,GCF_001046875_00611,GCF_001046875_00611,103
9,GCF_001046875_00611,6.0,GCF_001046875_00611,GCF_001046875_00611,103
9,GCF_001050535_01437,1.2,GCF_001050535_01437,GCF_001050535_01437,104
9,GCF_001050535_01437,1.4,GCF_001050535_01437,GCF_001050535_01437,104
9,GCF_001050535_01437,2.0,GCF_001050535_01437,GCF_001050535_01437,104
9,GCF_001050535_01437,4.0,GCF_001050535_01437,GCF_001050535_01437,104
9,GCF_001050535_01437,6.0,GCF_001050535_01437,GCF_001050535_01437,104
9,GCF_009184895_02169,1.2,GCF_009184895_02169,GCF_009184895_02169,115
9,GCF_009184895_02169,1.4,GCF_009184895_02169,GCF_009184895_02169,115
9,GCF_009184895_02169,2.0,GCF_009184895_02169,GCF_009184895_02169,115
9,GCF_009184895_02169,4.0,GCF_009184895_02169,GCF_009184895_02169,115
9,GCF_009184895_02169,6.0,GCF_009184895_02169,GCF_009184895_02169,115
10,GCF_000332235_02684,1.2,GCF_000332235_02684,GCF_000332235_02684,68
10,GCF_000332235_02684,1.4,GCF_000332235_02684,GCF_000332235_02684,68
10,GCF_000332235_02684,2.0,GCF_000332235_02684,GCF_000332235_02684,68
11,GCF_000332235_02684,4.0,GCF_000332235_02684,GCF_000332235_02684,68
11,GCF_000332235_02684,6.0,GCF_000332235_02684,GCF_000332235_02684,68
10,GCF_000204075_01841,1.2,GCF_000204075_01841,GCF_000204075_01841,58
10,GCF_000204075_01841,1.4,GCF_000204075_01841,GCF_000204075_01841,58
10,GCF_000204075_01841,2.0,GCF_000204075_01841,GCF_000204075_01841,58
11,GCF_000204075_01841,4.0,GCF_000204075_01841,GCF_000204075_01841,58
11,GCF_000204075_01841,6.0,GCF_000204075_01841,GCF_000204075_01841,58
11,GCF_001046875_00609,1.2,GCF_001046875_00609,GCF_001046875_00609,101
11,GCF_001046875_00609,1.4,GCF_001046875_00609,GCF_001046875_00609,101
11,GCF_001046875_00609,2.0,GCF_001046875_00609,GCF_001046875_00609,101
12,GCF_001046875_00609,4.0,GCF_001046875_00609,GCF_001046875_00609,101
12,GCF_001046875_00609,6.0,GCF_001046875_00609,GCF_001046875_00609,101
11,GCF_001050535_01439,1.2,GCF_001050535_01439,GCF_001050535_01439,106
11,GCF_001050535_01439,1.4,GCF_001050535_01439,GCF_001050535_01439,106
11,GCF_001050535_01439,2.0,GCF_001050535_01439,GCF_001050535_01439,106
12,GCF_001050535_01439,4.0,GCF_001050535_01439,GCF_001050535_01439,106
12,GCF_001050535_01439,6.0,GCF_001050535_01439,GCF_001050535_01439,106
12,GCF_009184895_02178,1.2,GCF_009184895_02178,GCF_009184895_02178,124
12,GCF_009184895_02178,1.4,GCF_009184895_02178,GCF_009184895_02178,124
12,GCF_009184895_02178,2.0,GCF_009184895_02178,GCF_009184895_02178,124
13,GCF_009184895_02178,4.0,GCF_009184895_02178,GCF_009184895_02178,124
13,GCF_009184895_02178,6.0,GCF_009184895_02178,GCF_009184895_02178,124
12,GCF_009707485_00853,1.2,GCF_009707485_00853,GCF_009707485_00853,125
12,GCF_009707485_00853,1.4,GCF_009707485_00853,GCF_009707485_00853,125
12,GCF_009707485_00853,2.0,GCF_009707485_00853,GCF_009707485_00853,125
13,GCF_009707485_00853,4.0,GCF_009707485_00853,GCF_009707485_00853,125
13,GCF_009707485_00853,6.0,GCF_009707485_00853,GCF_009707485_00853,125
13,GCF_000011385_00113,1.2,GCF_000011385_00113,GCF_000011385_00113,0
13,GCF_000011385_00113,1.4,GCF_000011385_00113,GCF_000011385_00113,0
13,GCF_000011385_00113,2.0,GCF_000011385_00113,GCF_000011385_00113,0
14,GCF_000011385_00113,4.0,GCF_000011385_00113,GCF_000011385_00113,0
14,GCF_000011385_00113,6.0,GCF_000011385_00113,GCF_000011385_00113,0
14,GCF_000046845_01132,1.2,GCF_000046845_01132,GCF_000046845_01132,32
14,GCF_000046845_01132,1.4,GCF_000046845_01132,GCF_000046845_01132,32
14,GCF_000046845_01132,2.0,GCF_000046845_01132,GCF_000046845_01132,32
15,GCF_000046845_01132,4.0,GCF_000046845_01132,GCF_000046845_01132,32
15,GCF_000046845_01132,6.0,GCF_000046845_01132,GCF_000046845_01132,32
15,GCF_000204075_01847,1.2,GCF_000204075_01847,GCF_000204075_01847,64
15,GCF_000204075_01847,1.4,GCF_000204075_01847,GCF_000204075_01847,64
15,GCF_000204075_01847,2.0,GCF_000204075_01847,GCF_000204075_01847,64
16,GCF_000204075_01847,4.0,GCF_000204075_01847,GCF_000204075_01847,64
16,GCF_000204075_01847,6.0,GCF_000204075_01847,GCF_000204075_01847,64
16,GCF_009707485_00856,1.2,GCF_009707485_00856,GCF_009707485_00856,128
16,GCF_009707485_00856,1.4,GCF_009707485_00856,GCF_009707485_00856,128
16,GCF_009707485_00856,2.0,GCF_009707485_00856,GCF_009707485_00856,128
17,GCF_009707485_00856,4.0,GCF_009707485_00856,GCF_009707485_00856,128
17,GCF_009707485_00856,6.0,GCF_009707485_00856,GCF_009707485_00856,128
17,GCF_000011385_00114,1.2,GCF_000011385_00114,GCF_000011385_00114,1
17,GCF_000011385_00114,1.4,GCF_000011385_00114,GCF_000011385_00114,1
17,GCF_000011385_00114,2.0,GCF_000011385_00114,GCF_000011385_00114,1
18,GCF_000011385_00114,4.0,GCF_000011385_00114,GCF_000011385_00114,1
18,GCF_000011385_00114,6.0,GCF_000011385_00114,GCF_000011385_00114,1
18,GCF_000046845_01133,1.2,GCF_000046845_01133,GCF_000046845_01133,33
18,GCF_000046845_01133,1.4,GCF_000046845_01133,GCF_000046845_01133,33
18,GCF_000046845_01133,2.0,GCF_000046845_01133,GCF_000046845_01133,33
19,GCF_000046845_01133,4.0,GCF_000046845_01133,GCF_000046845_01133,33
19,GCF_000046845_01133,6.0,GCF_000046845_01133,GCF_000046845_01133,33
19,GCF_000332235_02681,1.2,GCF_000332235_02681,GCF_000332235_02681,65
19,GCF_000332235_02681,1.4,GCF_000332235_02681,GCF_000332235_02681,65
19,GCF_000332235_02681,2.0,GCF_000332235_02681,GCF_000332235_02681,65
20,GCF_000332235_02681,4.0,GCF_000332235_02681,GCF_000332235_02681,65
20,GCF_000332235_02681,6.0,GCF_000332235_02681,GCF_000332235_02681,65
20,GCF_000011385_00115,1.2,GCF_000011385_00115,GCF_000011385_00115,2
20,GCF_000011385_00115,1.4,GCF_000011385_00115,GCF_000011385_00115,2
20,GCF_000011385_00115,2.0,GCF_000011385_00115,GCF_000011385_00115,2
21,GCF_000011385_00115,4.0,GCF_000011385_00115,GCF_000011385_00115,2
21,GCF_000011385_00115,6.0,GCF_000011385_00115,GCF_000011385_00115,2
21,GCF_000046845_01134,1.2,GCF_000046845_01134,GCF_000046845_01134,34
21,GCF_000046845_01134,1.4,GCF_000046845_01134,GCF_000046845_01134,34
21,GCF_000046845_01134,2.0,GCF_000046845_01134,GCF_000046845_01134,34
22,GCF_000046845_01134,4.0,GCF_000046845_01134,GCF_000046845_01134,34
22,GCF_000046845_01134,6.0,GCF_000046845_01134,GCF_000046845_01134,34
22,GCF_000332235_02682,1.2,GCF_000332235_02682,GCF_000332235_02682,66
22,GCF_000332235_02682,1.4,GCF_000332235_02682,GCF_000332235_02682,66
22,GCF_000332235_02682,2.0,GCF_000332235_02682,GCF_000332235_02682,66
23,GCF_000332235_02682,4.0,GCF_000332235_02682,GCF_000332235_02682,66
23,GCF_000332235_02682,6.0,GCF_000332235_02682,GCF_000332235_02682,66
23,GCF_000046845_01131,1.2,GCF_000046845_01131,GCF_000046845_01131,31
23,GCF_000046845_01131,1.4,GCF_000046845_01131,GCF_000046845_01131,31
23,GCF_000046845_01131,2.0,GCF_000046845_01131,GCF_000046845_01131,31
24,GCF_000046845_01131,4.0,GCF_000046845_01131,GCF_000046845_01131,31
24,GCF_000046845_01131,6.0,GCF_000046845_01131,GCF_000046845_01131,31
24,GCF_000204075_01846,1.2,GCF_000204075_01846,GCF_000204075_01846,63
24,GCF_000204075_01846,1.4,GCF_000204075_01846,GCF_000204075_01846,63
24,GCF_000204075_01846,2.0,GCF_000204075_01846,GCF_000204075_01846,63
25,GCF_000204075_01846,4.0,GCF_000204075_01846,GCF_000204075_01846,63
25,GCF_000204075_01846,6.0,GCF_000204075_01846,GCF_000204075_01846,63
25,GCF_001046875_00603,1.2,GCF_001046875_00603,GCF_001046875_00603,95
25,GCF_001046875_00603,1.4,GCF_001046875_00603,GCF_001046875_00603,95
25,GCF_001046875_00603,2.0,GCF_001046875_00603,GCF_001046875_00603,95
26,GCF_001046875_00603,4.0,GCF_001046875_00603,GCF_001046875_00603,95
26,GCF_001046875_00603,6.0,GCF_001046875_00603,GCF_001046875_00603,95
26,GCF_000011385_00116,1.2,GCF_000011385_00116,GCF_000011385_00116,3
26,GCF_000011385_00116,1.4,GCF_000011385_00116,GCF_000011385_00116,3
26,GCF_000011385_00116,2.0,GCF_000011385_00116,GCF_000011385_00116,3
27,GCF_000011385_00116,4.0,GCF_000011385_00116,GCF_000011385_00116,3
27,GCF_000011385_00116,6.0,GCF_000011385_00116,GCF_000011385_00116,3
27,GCF_000046845_01135,1.2,GCF_000046845_01135,GCF_000046845_01135,35
27,GCF_000046845_01135,1.4,GCF_000046845_01135,GCF_000046845_01135,35
27,GCF_000046845_01135,2.0,GCF_000046845_01135,GCF_000046845_01135,35
28,GCF_000046845_01135,4.0,GCF_000046845_01135,GCF_000046845_01135,35
28,GCF_000046845_01135,6.0,GCF_000046845_01135,GCF_000046845_01135,35
28,GCF_000332235_02683,1.2,GCF_000332235_02683,GCF_000332235_02683,67
28,GCF_000332235_02683,1.4,GCF_000332235_02683,GCF_000332235_02683,67
28,GCF_000332235_02683,2.0,GCF_000332235_02683,GCF_000332235_02683,67
29,GCF_000332235_02683,4.0,GCF_000332235_02683,GCF_000332235_02683,67
29,GCF_000332235_02683,6.0,GCF_000332235_02683,GCF_000332235_02683,67
29,GCF_009707485_00859,1.2,GCF_009707485_00859,GCF_009707485_00859,131
29,GCF_009707485_00859,1.4,GCF_009707485_00859,GCF_009707485_00859,131
29,GCF_009707485_00859,2.0,GCF_009707485_00859,GCF_009707485_00859,131
30,GCF_009707485_00859,4.0,GCF_009707485_00859,GCF_009707485_00859,131
30,GCF_009707485_00859,6.0,GCF_009707485_00859,GCF_009707485_00859,131
30,GCF_000011385_00117,1.2,GCF_000011385_00117,GCF_000011385_00117,4
30,GCF_000011385_00117,1.4,GCF_000011385_00117,GCF_000011385_00117,4
30,GCF_000011385_00117,2.0,GCF_000011385_00117,GCF_000011385_00117,4
31,GCF_000011385_00117,4.0,GCF_000011385_00117,GCF_000011385_00117,4
31,GCF_000011385_00117,6.0,GCF_000011385_00117,GCF_000011385_00117,4
31,GCF_000046845_01136,1.2,GCF_000046845_01136,GCF_000046845_01136,36
31,GCF_000046845_01136,1.4,GCF_000046845_01136,GCF_000046845_01136,36
31,GCF_000046845_01136,2.0,GCF_000046845_01136,GCF_000046845_01136,36
32,GCF_000046845_01136,4.0,GCF_000046845_01136,GCF_000046845_01136,36
32,GCF_000046845_01136,6.0,GCF_000046845_01136,GCF_000046845_01136,36
32,GCF_009707485_00860,1.2,GCF_009707485_00860,GCF_009707485_00860,132
32,GCF_009707485_00860,1.4,GCF_009707485_00860,GCF_009707485_00860,132
32,GCF_009707485_00860,2.0,GCF_009707485_00860,GCF_009707485_00860,132
33,GCF_009707485_00860,4.0,GCF_009707485_00860,GCF_009707485_00860,132
33,GCF_009707485_00860,6.0,GCF_009707485_00860,GCF_009707485_00860,132
33,GCF_000011385_00118,1.2,GCF_000011385_00118,GCF_000011385_00118,5
33,GCF_000011385_00118,1.4,GCF_000011385_00118,GCF_000011385_00118,5
33,GCF_000011385_00118,2.0,GCF_000011385_00118,GCF_000011385_00118,5
34,GCF_000011385_00118,4.0,GCF_000011385_00118,GCF_000011385_00118,5
34,GCF_000011385_00118,6.0,GCF_000011385_00118,GCF_000011385_00118,5
34,GCF_000046845_01137,1.2,GCF_000046845_01137,GCF_000046845_01137,37
34,GCF_000046845_01137,1.4,GCF_000046845_01137,GCF_000046845_01137,37
34,GCF_000046845_01137,2.0,GCF_000046845_01137,GCF_000046845_01137,37
35,GCF_000046845_01137,4.0,GCF_000046845_01137,GCF_000046845_01137,37
35,GCF_000046845_01137,6.0,GCF_000046845_01137,GCF_000046845_01137,37
35,GCF_000011385_00119,1.2,GCF_000011385_00119,GCF_000011385_00119,6
35,GCF_000011385_00119,1.4,GCF_000011385_00119,GCF_000011385_00119,6
35,GCF_000011385_00119,2.0,GCF_000011385_00119,GCF_000011385_00119,6
36,GCF_000011385_00119,4.0,GCF_000011385_00119,GCF_000011385_00119,6
36,GCF_000011385_00119,6.0,GCF_000011385_00119,GCF_000011385_00119,6
36,GCF_000046845_01138,1.2,GCF_000046845_01138,GCF_000046845_01138,38
36,GCF_000046845_01138,1.4,GCF_000046845_01138,GCF_000046845_01138,38
36,GCF_000046845_01138,2.0,GCF_000046845_01138,GCF_000046845_01138,38
37,GCF_000046845_01138,4.0,GCF_000046845_01138,GCF_000046845_01138,38
37,GCF_000046845_01138,6.0,GCF_000046845_01138,GCF_000046845_01138,38
37,GCF_000011385_00120,1.2,GCF_000011385_00120,GCF_000011385_00120,7
37,GCF_000011385_00120,1.4,GCF_000011385_00120,GCF_000011385_00120,7
37,GCF_000011385_00120,2.0,GCF_000011385_00120,GCF_000011385_00120,7
38,GCF_000011385_00120,4.0,GCF_000011385_00120,GCF_000011385_00120,7
38,GCF_000011385_00120,6.0,GCF_000011385_00120,GCF_000011385_00120,7
38,GCF_000046845_01139,1.2,GCF_000046845_01139,GCF_000046845_01139,39
38,GCF_000046845_01139,1.4,GCF_000046845_01139,GCF_000046845_01139,39
38,GCF_000046845_01139,2.0,GCF_000046845_01139,GCF_000046845_01139,39
39,GCF_000046845_01139,4.0,GCF_000046845_01139,GCF_000046845_01139,39
39,GCF_000046845_01139,6.0,GCF_000046845_01139,GCF_000046845_01139,39
39,GCF_000332235_02687,1.2,GCF_000332235_02687,GCF_000332235_02687,71
39,GCF_000332235_02687,1.4,GCF_000332235_02687,GCF_000332235_02687,71
39,GCF_000332235_02687,2.0,GCF_000332235_02687,GCF_000332235_02687,71
40,GCF_000332235_02687,4.0,GCF_000332235_02687,GCF_000332235_02687,71
40,GCF_000332235_02687,6.0,GCF_000332235_02687,GCF_000332235_02687,71
40,GCF_000011385_00121,1.2,GCF_000011385_00121,GCF_000011385_00121,8
40,GCF_000011385_00121,1.4,GCF_000011385_00121,GCF_000011385_00121,8
40,GCF_000011385_00121,2.0,GCF_000011385_00121,GCF_000011385_00121,8
41,GCF_000011385_00121,4.0,GCF_000011385_00121,GCF_000011385_00121,8
41,GCF_000011385_00121,6.0,GCF_000011385_00121,GCF_000011385_00121,8
41,GCF_000204075_00334,1.2,GCF_000204075_00334,GCF_000204075_00334,40
41,GCF_000204075_00334,1.4,GCF_000204075_00334,GCF_000204075_00334,40
41,GCF_000204075_00334,2.0,GCF_000204075_00334,GCF_000204075_00334,40
42,GCF_000204075_00334,4.0,GCF_000204075_00334,GCF_000204075_00334,40
42,GCF_000204075_00334,6.0,GCF_000204075_00334,GCF_000204075_00334,40
42,GCF_000332235_02688,1.2,GCF_000332235_02688,GCF_000332235_02688,72
42,GCF_000332235_02688,1.4,GCF_000332235_02688,GCF_000332235_02688,72
42,GCF_000332235_02688,2.0,GCF_000332235_02688,GCF_000332235_02688,72
43,GCF_000332235_02688,4.0,GCF_000332235_02688,GCF_000332235_02688,72
43,GCF_000332235_02688,6.0,GCF_000332235_02688,GCF_000332235_02688,72
43,GCF_000011385_00122,1.2,GCF_000011385_00122,GCF_000011385_00122,9
43,GCF_000011385_00122,1.4,GCF_000011385_00122,GCF_000011385_00122,9
43,GCF_000011385_00122,2.0,GCF_000011385_00122,GCF_000011385_00122,9
44,GCF_000011385_00122,4.0,GCF_000011385_00122,GCF_000011385_00122,9
44,GCF_000011385_00122,6.0,GCF_000011385_00122,GCF_000011385_00122,9
44,GCF_000204075_00335,1.2,GCF_000204075_00335,GCF_000204075_00335,41
44,GCF_000204075_00335,1.4,GCF_000204075_00335,GCF_000204075_00335,41
44,GCF_000204075_00335,2.0,GCF_000204075_00335,GCF_000204075_00335,41
45,GCF_000204075_00335,4.0,GCF_000204075_00335,GCF_000204075_00335,41
45,GCF_000204075_00335,6.0,GCF_000204075_00335,GCF_000204075_00335,41
45,GCF_000332235_02689,1.2,GCF_000332235_02689,GCF_000332235_02689,73
45,GCF_000332235_02689,1.4,GCF_000332235_02689,GCF_000332235_02689,73
45,GCF_000332235_02689,2.0,GCF_000332235_02689,GCF_000332235_02689,73
46,GCF_000332235_02689,4.0,GCF_000332235_02689,GCF_000332235_02689,73
46,GCF_000332235_02689,6.0,GCF_000332235_02689,GCF_000332235_02689,73
46,GCF_000011385_00123,1.2,GCF_000011385_00123,GCF_000011385_00123,10
46,GCF_000011385_00123,1.4,GCF_000011385_00123,GCF_000011385_00123,10
46,GCF_000011385_00123,2.0,GCF_000011385_00123,GCF_000011385_00123,10
47,GCF_000011385_00123,4.0,GCF_000011385_00123,GCF_000011385_00123,10
47,GCF_000011385_00123,6.0,GCF_000011385_00123,GCF_000011385_00123,10
47,GCF_000204075_00336,1.2,GCF_000204075_00336,GCF_000204075_00336,42
47,GCF_000204075_00336,1.4,GCF_000204075_00336,GCF_000204075_00336,42
47,GCF_000204075_00336,2.0,GCF_000204075_00336,GCF_000204075_00336,42
48,GCF_000204075_00336,4.0,GCF_000204075_00336,GCF_000204075_00336,42
48,GCF_000204075_00336,6.0,GCF_000204075_00336,GCF_000204075_00336,42
48,GCF_000332235_02690,1.2,GCF_000332235_02690,GCF_000332235_02690,74
48,GCF_000332235_02690,1.4,GCF_000332235_02690,GCF_000332235_02690,74
48,GCF_000332235_02690,2.0,GCF_000332235_02690,GCF_000332235_02690,74
49,GCF_000332235_02690,4.0,GCF_000332235_02690,GCF_000332235_02690,74
49,GCF_000332235_02690,6.0,GCF_000332235_02690,GCF_000332235_02690,74
49,GCF_000011385_00124,1.2,GCF_000011385_00124,GCF_000011385_00124,11
49,GCF_000011385_00124,1.4,GCF_000011385_00124,GCF_000011385_00124,11
49,GCF_000011385_00124,2.0,GCF_000011385_00124,GCF_000011385_00124,11
50,GCF_000011385_00124,4.0,GCF_000011385_00124,GCF_000011385_00124,11
50,GCF_000011385_00124,6.0,GCF_000011385_00124,GCF_000011385_00124,11
50,GCF_000204075_00337,1.2,GCF_000204075_00337,GCF_000204075_00337,43
50,GCF_000204075_00337,1.4,GCF_000204075_00337,GCF_000204075_00337,43
50,GCF_000204075_00337,2.0,GCF_000204075_00337,GCF_000204075_00337,43
51,GCF_000204075_00337,4.0,GCF_000204075_00337,GCF_000204075_00337,43
51,GCF_000204075_00337,6.0,GCF_000204075_00337,GCF_000204075_00337,43
51,GCF_000340785_01343,1.2,GCF_000340785_01343,GCF_000340785_01343,75
51,GCF_000340785_01343,1.4,GCF_000340785_01343,GCF_000340785_01343,75
51,GCF_000340785_01343,2.0,GCF_000340785_01343,GCF_000340785_01343,75
52,GCF_000340785_01343,4.0,GCF_000340785_01343,GCF_000340785_01343,75
52,GCF_000340785_01343,6.0,GCF_000340785_01343,GCF_000340785_01343,75
52,GCF_000011385_00125,1.2,GCF_000011385_00125,GCF_000011385_00125,12
52,GCF_000011385_00125,1.4,GCF_000011385_00125,GCF_000011385_00125,12
52,GCF_000011385_00125,2.0,GCF_000011385_00125,GCF_000011385_00125,12
53,GCF_000011385_00125,4.0,GCF_000011385_00125,GCF_000011385_00125,12
53,GCF_000011385_00125,6.0,GCF_000011385_00125,GCF_000011385_00125,12
53,GCF_000204075_00338,1.2,GCF_000204075_00338,GCF_000204075_00338,44
53,GCF_000204075_00338,1.4,GCF_000204075_00338,GCF_000204075_00338,44
53,GCF_000204075_00338,2.0,GCF_000204075_00338,GCF_000204075_00338,44
54,GCF_000204075_00338,4.0,GCF_000204075_00338,GCF_000204075_00338,44
54,GCF_000204075_00338,6.0,GCF_000204075_00338,GCF_000204075_00338,44
54,GCF_000340785_01344,1.2,GCF_000340785_01344,GCF_000340785_01344,76
54,GCF_000340785_01344,1.4,GCF_000340785_01344,GCF_000340785_01344,76
54,GCF_000340785_01344,2.0,GCF_000340785_01344,GCF_000340785_01344,76
55,GCF_000340785_01344,4.0,GCF_000340785_01344,GCF_000340785_01344,76
55,GCF_000340785_01344,6.0,GCF_000340785_01344,GCF_000340785_01344,76
55,GCF_000011385_00126,1.2,GCF_000011385_00126,GCF_000011385_00126,13
55,GCF_000011385_00126,1.4,GCF_000011385_00126,GCF_000011385_00126,13
55,GCF_000011385_00126,2.0,GCF_000011385_00126,GCF_000011385_00126,13
56,GCF_000011385_00126,4.0,GCF_000011385_00126,GCF_000011385_00126,13
56,GCF_000011385_00126,6.0,GCF_000011385_00126,GCF_000011385_00126,13
56,GCF_000204075_00339,1.2,GCF_000204075_00339,GCF_000204075_00339,45
56,GCF_000204075_00339,1.4,GCF_000204075_00339,GCF_000204075_00339,45
56,GCF_000204075_00339,2.0,GCF_000204075_00339,GCF_000204075_00339,45
57,GCF_000204075_00339,4.0,GCF_000204075_00339,GCF_000204075_00339,45
57,GCF_000204075_00339,6.0,GCF_000204075_00339,GCF_000204075_00339,45
57,GCF_000340785_01345,1.2,GCF_000340785_01345,GCF_000340785_01345,77
57,GCF_000340785_01345,1.4,GCF_000340785_01345,GCF_000340785_01345,77
57,GCF_000340785_01345,2.0,GCF_000340785_01345,GCF_000340785_01345,77
58,GCF_000340785_01345,4.0,GCF_000340785_01345,GCF_000340785_01345,77
58,GCF_000340785_01345,6.0,GCF_000340785_01345,GCF_000340785_01345,77
58,GCF_000011385_04200,1.2,GCF_000011385_04200,GCF_000011385_04200,14
58,GCF_000011385_04200,1.4,GCF_000011385_04200,GCF_000011385_04200,14
58,GCF_000011385_04200,2.0,GCF_000011385_04200,GCF_000011385_04200,14
59,GCF_000011385_04200,4.0,GCF_000011385_04200,GCF_000011385_04200,14
59,GCF_000011385_04200,6.0,GCF_000011385_04200,GCF_000011385_04200,14
59,GCF_000204075_00340,1.2,GCF_000204075_00340,GCF_000204075_00340,46
59,GCF_000204075_00340,1.4,GCF_000204075_00340,GCF_000204075_00340,46
59,GCF_000204075_00340,2.0,GCF_000204075_00340,GCF_000204075_00340,46
60,GCF_000204075_00340,4.0,GCF_000204075_00340,GCF_000204075_00340,46
60,GCF_000204075_00340,6.0,GCF_000204075_00340,GCF_000204075_00340,46
60,GCF_000340785_01346,1.2,GCF_000340785_01346,GCF_000340785_01346,78
60,GCF_000340785_01346,1.4,GCF_000340785_01346,GCF_000340785_01346,78
60,GCF_000340785_01346,2.0,GCF_000340785_01346,GCF_000340785_01346,78
61,GCF_000340785_01346,4.0,GCF_000340785_01346,GCF_000340785_01346,78
61,GCF_000340785_01346,6.0,GCF_000340785_01346,GCF_000340785_01346,78
61,GCF_000011385_04201,1.2,GCF_000011385_04201,GCF_000011385_04201,15
61,GCF_000011385_04201,1.4,GCF_000011385_04201,GCF_000011385_04201,15
61,GCF_000011385_04201,2.0,GCF_000011385_04201,GCF_000011385_04201,15
62,GCF_000011385_04201,4.0,GCF_000011385_04201,GCF_000011385_04201,15
62,GCF_000011385_04201,6.0,GCF_000011385_04201,GCF_000011385_04201,15
62,GCF_000204075_00341,1.2,GCF_000204075_00341,GCF_000204075_00341,47
62,GCF_000204075_00341,1.4,GCF_000204075_00341,GCF_000204075_00341,47
62,GCF_000204075_00341,2.0,GCF_000204075_00341,GCF_000204075_00341,47
63,GCF_000204075_00341,4.0,GCF_000204075_00341,GCF_000204075_00341,47
63,GCF_000204075_00341,6.0,GCF_000204075_00341,GCF_000204075_00341,47
63,GCF_000011385_04202,1.2,GCF_000011385_04202,GCF_000011385_04202,16
63,GCF_000011385_04202,1.4,GCF_000011385_04202,GCF_000011385_04202,16
63,GCF_000011385_04202,2.0,GCF_000011385_04202,GCF_000011385_04202,16
64,GCF_000011385_04202,4.0,GCF_000011385_04202,GCF_000011385_04202,16
64,GCF_000011385_04202,6.0,GCF_000011385_04202,GCF_000011385_04202,16
64,GCF_000204075_00342,1.2,GCF_000204075_00342,GCF_000204075_00342,48
64,GCF_000204075_00342,1.4,GCF_000204075_00342,GCF_000204075_00342,48
64,GCF_000204075_00342,2.0,GCF_000204075_00342,GCF_000204075_00342,48
65,GCF_000204075_00342,4.0,GCF_000204075_00342,GCF_000204075_00342,48
65,GCF_000204075_00342,6.0,GCF_000204075_00342,GCF_000204075_00342,48
65,GCF_000011385_04203,1.2,GCF_000011385_04203,GCF_000011385_04203,17
65,GCF_000011385_04203,1.4,GCF_000011385_04203,GCF_000011385_04203,17
65,GCF_000011385_04203,2.0,GCF_000011385_04203,GCF_000011385_04203,17
66,GCF_000011385_04203,4.0,GCF_000011385_04203,GCF_000011385_04203,17
66,GCF_000011385_04203,6.0,GCF_000011385_04203,GCF_000011385_04203,17
66,GCF_000204075_00343,1.2,GCF_000204075_00343,GCF_000204075_00343,49
66,GCF_000204075_00343,1.4,GCF_000204075_00343,GCF_000204075_00343,49
66,GCF_000204075_00343,2.0,GCF_000204075_00343,GCF_000204075_00343,49
67,GCF_000204075_00343,4.0,GCF_000204075_00343,GCF_000204075_00343,49
67,GCF_000204075_00343,6.0,GCF_000204075_00343,GCF_000204075_00343,49
67,GCF_000340785_01349,1.2,GCF_000340785_01349,GCF_000340785_01349,81
67,GCF_000340785_01349,1.4,GCF_000340785_01349,GCF_000340785_01349,81
67,GCF_000340785_01349,2.0,GCF_000340785_01349,GCF_000340785_01349,81
68,GCF_000340785_01349,4.0,GCF_000340785_01349,GCF_000340785_01349,81
68,GCF_000340785_01349,6.0,GCF_000340785_01349,GCF_000340785_01349,81
68,GCF_001050535_01446,1.2,GCF_001050535_01446,GCF_001050535_01446,113
68,GCF_001050535_01446,1.4,GCF_001050535_01446,GCF_001050535_01446,113
68,GCF_001050535_01446,2.0,GCF_001050535_01446,GCF_001050535_01446,113
69,GCF_001050535_01446,4.0,GCF_001050535_01446,GCF_001050535_01446,113
69,GCF_001050535_01446,6.0,GCF_001050535_01446,GCF_001050535_01446,113
69,GCF_000011385_04204,1.2,GCF_000011385_04204,GCF_000011385_04204,18
69,GCF_000011385_04204,1.4,GCF_000011385_04204,GCF_000011385_04204,18
69,GCF_000011385_04204,2.0,GCF_000011385_04204,GCF_000011385_04204,18
70,GCF_000011385_04204,4.0,GCF_000011385_04204,GCF_000011385_04204,18
70,GCF_000011385_04204,6.0,GCF_000011385_04204,GCF_000011385_04204,18
70,GCF_000204075_00344,1.2,GCF_000204075_00344,GCF_000204075_00344,50
70,GCF_000204075_00344,1.4,GCF_000204075_00344,GCF_000204075_00344,50
70,GCF_000204075_00344,2.0,GCF_000204075_00344,GCF_000204075_00344,50
71,GCF_000204075_00344,4.0,GCF_000204075_00344,GCF_000204075_00344,50
71,GCF_000204075_00344,6.0,GCF_000204075_00344,GCF_000204075_00344,50
71,GCF_000340785_01350,1.2,GCF_000340785_01350,GCF_000340785_01350,82
71,GCF_000340785_01350,1.4,GCF_000340785_01350,GCF_000340785_01350,82
71,GCF_000340785_01350,2.0,GCF_000340785_01350,GCF_000340785_01350,82
72,GCF_000340785_01350,4.0,GCF_000340785_01350,GCF_000340785_01350,82
72,GCF_000340785_01350,6.0,GCF_000340785_01350,GCF_000340785_01350,82
72,GCF_001050535_01447,1.2,GCF_001050535_01447,GCF_001050535_01447,114
72,GCF_001050535_01447,1.4,GCF_001050535_01447,GCF_001050535_01447,114
72,GCF_001050535_01447,2.0,GCF_001050535_01447,GCF_001050535_01447,114
73,GCF_001050535_01447,4.0,GCF_001050535_01447,GCF_001050535_01447,114
73,GCF_001050535_01447,6.0,GCF_001050535_01447,GCF_001050535_01447,114
73,GCF_000011385_04205,1.2,GCF_000011385_04205,GCF_000011385_04205,19
73,GCF_000011385_04205,1.4,GCF_000011385_04205,GCF_000011385_04205,19
73,GCF_000011385_04205,2.0,GCF_000011385_04205,GCF_000011385_04205,19
74,GCF_000011385_04205,4.0,GCF_000011385_04205,GCF_000011385_04205,19
74,GCF_000011385_04205,6.0,GCF_000011385_04205,GCF_000011385_04205,19
74,GCF_000204075_00345,1.2,GCF_000204075_00345,GCF_000204075_00345,51
74,GCF_000204075_00345,1.4,GCF_000204075_00345,GCF_000204075_00345,51
74,GCF_000204075_00345,2.0,GCF_000204075_00345,GCF_000204075_00345,51
75,GCF_000204075_00345,4.0,GCF_000204075_00345,GCF_000204075_00345,51
75,GCF_000204075_00345,6.0,GCF_000204075_00345,GCF_000204075_00345,51
75,GCF_000340785_01351,1.2,GCF_000340785_01351,GCF_000340785_01351,83
75,GCF_000340785_01351,1.4,GCF_000340785_01351,GCF_000340785_01351,83
75,GCF_000340785_01351,2.0,GCF_000340785_01351,GCF_000340785_01351,83
76,GCF_000340785_01351,4.0,GCF_000340785_01351,GCF_000340785_01351,83
76,GCF_000340785_01351,6.0,GCF_000340785_01351,GCF_000340785_01351,83
76,GCF_000011385_04206,1.2,GCF_000011385_04206,GCF_000011385_04206,20
76,GCF_000011385_04206,1.4,GCF_000011385_04206,GCF_000011385_04206,20
76,GCF_000011385_04206,2.0,GCF_000011385_04206,GCF_000011385_04206,20
77,GCF_000011385_04206,4.0,GCF_000011385_04206,GCF_000011385_04206,20
77,GCF_000011385_04206,6.0,GCF_000011385_04206,GCF_000011385_04206,20
77,GCF_000204075_00346,1.2,GCF_000204075_00346,GCF_000204075_00346,52
77,GCF_000204075_00346,1.4,GCF_000204075_00346,GCF_000204075_00346,52
77,GCF_000204075_00346,2.0,GCF_000204075_00346,GCF_000204075_00346,52
78,GCF_000204075_00346,4.0,GCF_000204075_00346,GCF_000204075_00346,52
78,GCF_000204075_00346,6.0,GCF_000204075_00346,GCF_000204075_00346,52
78,GCF_000340785_01352,1.2,GCF_000340785_01352,GCF_000340785_01352,84
78,GCF_000340785_01352,1.4,GCF_000340785_01352,GCF_000340785_01352,84
78,GCF_000340785_01352,2.0,GCF_000340785_01352,GCF_000340785_01352,84
79,GCF_000340785_01352,4.0,GCF_000340785_01352,GCF_000340785_01352,84
79,GCF_000340785_01352,6.0,GCF_000340785_01352,GCF_000340785_01352,84
79,GCF_000011385_04207,1.2,GCF_000011385_04207,GCF_000011385_04207,21
79,GCF_000011385_04207,1.4,GCF_000011385_04207,GCF_000011385_04207,21
79,GCF_000011385_04207,2.0,GCF_000011385_04207,GCF_000011385_04207,21
80,GCF_000011385_04207,4.0,GCF_000011385_04207,GCF_000011385_04207,21
80,GCF_000011385_04207,6.0,GCF_000011385_04207,GCF_000011385_04207,21
80,GCF_000204075_01836,1.2,GCF_000204075_01836,GCF_000204075_01836,53
80,GCF_000204075_01836,1.4,GCF_000204075_01836,GCF_000204075_01836,53
80,GCF_000204075_01836,2.0,GCF_000204075_01836,GCF_000204075_01836,53
81,GCF_000204075_01836,4.0,GCF_000204075_01836,GCF_000204075_01836,53
81,GCF_000204075_01836,6.0,GCF_000204075_01836,GCF_000204075_01836,53
81,GCF_001046855_01617,1.2,GCF_001046855_01617,GCF_001046855_01617,85
81,GCF_001046855_01617,1.4,GCF_001046855_01617,GCF_001046855_01617,85
81,GCF_001046855_01617,2.0,GCF_001046855_01617,GCF_001046855_01617,85
82,GCF_001046855_01617,4.0,GCF_001046855_01617,GCF_001046855_01617,85
82,GCF_001046855_01617,6.0,GCF_001046855_01617,GCF_001046855_01617,85
82,GCF_009184895_02171,1.2,GCF_009184895_02171,GCF_009184895_02171,117
82,GCF_009184895_02171,1.4,GCF_009184895_02171,GCF_009184895_02171,117
82,GCF_009184895_02171,2.0,GCF_009184895_02171,GCF_009184895_02171,117
83,GCF_009184895_02171,4.0,GCF_009184895_02171,GCF_009184895_02171,117
83,GCF_009184895_02171,6.0,GCF_009184895_02171,GCF_009184895_02171,117
83,GCF_000011385_04208,1.2,GCF_000011385_04208,GCF_000011385_04208,22
83,GCF_000011385_04208,1.4,GCF_000011385_04208,GCF_000011385_04208,22
83,GCF_000011385_04208,2.0,GCF_000011385_04208,GCF_000011385_04208,22
84,GCF_000011385_04208,4.0,GCF_000011385_04208,GCF_000011385_04208,22
84,GCF_000011385_04208,6.0,GCF_000011385_04208,GCF_000011385_04208,22
84,GCF_000204075_01837,1.2,GCF_000204075_01837,GCF_000204075_01837,54
84,GCF_000204075_01837,1.4,GCF_000204075_01837,GCF_000204075_01837,54
84,GCF_000204075_01837,2.0,GCF_000204075_01837,GCF_000204075_01837,54
85,GCF_000204075_01837,4.0,GCF_000204075_01837,GCF_000204075_01837,54
85,GCF_000204075_01837,6.0,GCF_000204075_01837,GCF_000204075_01837,54
85,GCF_000011385_04209,1.2,GCF_000011385_04209,GCF_000011385_04209,23
85,GCF_000011385_04209,1.4,GCF_000011385_04209,GCF_000011385_04209,23
85,GCF_000011385_04209,2.0,GCF_000011385_04209,GCF_000011385_04209,23
86,GCF_000011385_04209,4.0,GCF_000011385_04209,GCF_000011385_04209,23
86,GCF_000011385_04209,6.0,GCF_000011385_04209,GCF_000011385_04209,23
86,GCF_000204075_01838,1.2,GCF_000204075_01838,GCF_000204075_01838,55
86,GCF_000204075_01838,1.4,GCF_000204075_01838,GCF_000204075_01838,55
86,GCF_000204075_01838,2.0,GCF_000204075_01838,GCF_000204075_01838,55
87,GCF_000204075_01838,4.0,GCF_000204075_01838,GCF_000204075_01838,55
87,GCF_000204075_01838,6.0,GCF_000204075_01838,GCF_000204075_01838,55
87,GCF_000011385_04210,1.2,GCF_000011385_04210,GCF_000011385_04210,24
87,GCF_000011385_04210,1.4,GCF_000011385_04210,GCF_000011385_04210,24
87,GCF_000011385_04210,2.0,GCF_000011385_04210,GCF_000011385_04210,24
88,GCF_000011385_04210,4.0,GCF_000011385_04210,GCF_000011385_04210,24
88,GCF_000011385_04210,6.0,GCF_000011385_04210,GCF_000011385_04210,24
88,GCF_000204075_01839,1.2,GCF_000204075_01839,GCF_000204075_01839,56
88,GCF_000204075_01839,1.4,GCF_000204075_01839,GCF_000204075_01839,56
88,GCF_000204075_01839,2.0,GCF_000204075_01839,GCF_000204075_01839,56
89,GCF_000204075_01839,4.0,GCF_000204075_01839,GCF_000204075_01839,56
89,GCF_000204075_01839,6.0,GCF_000204075_01839,GCF_000204075_01839,56
89,GCF_000011385_04211,1.2,GCF_000011385_04211,GCF_000011385_04211,25
89,GCF_000011385_04211,1.4,GCF_000011385_04211,GCF_000011385_04211,25
89,GCF_000011385_04211,2.0,GCF_000011385_04211,GCF_000011385_04211,25
90,GCF_000011385_04211,4.0,GCF_000011385_04211,GCF_000011385_04211,25
90,GCF_000011385_04211,6.0,GCF_000011385_04211,GCF_000011385_04211,25
90,GCF_000204075_01840,1.2,GCF_000204075_01840,GCF_000204075_01840,57
90,GCF_000204075_01840,1.4,GCF_000204075_01840,GCF_000204075_01840,57
90,GCF_000204075_01840,2.0,GCF_000204075_01840,GCF_000204075_01840,57
91,GCF_000204075_01840,4.0,GCF_000204075_01840,GCF_000204075_01840,57
91,GCF_000204075_01840,6.0,GCF_000204075_01840,GCF_000204075_01840,57
91,GCF_001046855_01621,1.2,GCF_001046855_01621,GCF_001046855_01621,89
91,GCF_001046855_01621,1.4,GCF_001046855_01621,GCF_001046855_01621,89
91,GCF_001046855_01621,2.0,GCF_001046855_01621,GCF_001046855_01621,89
92,GCF_001046855_01621,4.0,GCF_001046855_01621,GCF_001046855_01621,89
92,GCF_001046855_01621,6.0,GCF_001046855_01621,GCF_001046855_01621,89
92,GCF_000011385_04212,1.2,GCF_000011385_04212,GCF_000011385_04212,26
92,GCF_000011385_04212,1.4,GCF_000011385_04212,GCF_000011385_04212,26
92,GCF_000011385_04212,2.0,GCF_000011385_04212,GCF_000011385_04212,26
93,GCF_000011385_04212,4.0,GCF_000011385_04212,GCF_000011385_04212,26
93,GCF_000011385_04212,6.0,GCF_000011385_04212,GCF_000011385_04212,26
93,GCF_000011385_04213,1.2,GCF_000011385_04213,GCF_000011385_04213,27
93,GCF_000011385_04213,1.4,GCF_000011385_04213,GCF_000011385_04213,27
93,GCF_000011385_04213,2.0,GCF_000011385_04213,GCF_000011385_04213,27
94,GCF_000011385_04213,4.0,GCF_000011385_04213,GCF_000011385_04213,27
94,GCF_000011385_04213,6.0,GCF_000011385_04213,GCF_000011385_04213,27
94,GCF_000011385_04214,1.2,GCF_000011385_04214,GCF_000011385_04214,28
94,GCF_000011385_04214,1.4,GCF_000011385_04214,GCF_000011385_04214,28
94,GCF_000011385_04214,2.0,GCF_000011385_04214,GCF_000011385_04214,28
95,GCF_000011385_04214,4.0,GCF_000011385_04214,GCF_000011385_04214,28
95,GCF_000011385_04214,6.0,GCF_000011385_04214,GCF_000011385_04214,28
95,GCF_000046845_01129,1.2,GCF_000046845_01129,GCF_000046845_01129,29
95,GCF_000046845_01129,1.4,GCF_000046845_01129,GCF_000046845_01129,29
95,GCF_000046845_01129,2.0,GCF_000046845_01129,GCF_000046845_01129,29
96,GCF_000046845_01129,4.0,GCF_000046845_01129,GCF_000046845_01129,29
96,GCF_000046845_01129,6.0,GCF_000046845_01129,GCF_000046845_01129,29
96,GCF_000204075_01844,1.2,GCF_000204075_01844,GCF_000204075_01844,61
96,GCF_000204075_01844,1.4,GCF_000204075_01844,GCF_000204075_01844,61
96,GCF_000204075_01844,2.0,GCF_000204075_01844,GCF_000204075_01844,61
97,GCF_000204075_01844,4.0,GCF_000204075_01844,GCF_000204075_01844,61
97,GCF_000204075_01844,6.0,GCF_000204075_01844,GCF_000204075_01844,61
97,GCF_001046875_00601,1.2,GCF_001046875_00601,GCF_001046875_00601,93
97,GCF_001046875_00601,1.4,GCF_001046875_00601,GCF_001046875_00601,93
97,GCF_001046875_00601,2.0,GCF_001046875_00601,GCF_001046875_00601,93
98,GCF_001046875_00601,4.0,GCF_001046875_00601,GCF_001046875_00601,93
98,GCF_001046875_00601,6.0,GCF_001046875_00601,GCF_001046875_00601,93
98,GCF_000046845_01130,1.2,GCF_000046845_01130,GCF_000046845_01130,30
98,GCF_000046845_01130,1.4,GCF_000046845_01130,GCF_000046845_01130,30
98,GCF_000046845_01130,2.0,GCF_000046845_01130,GCF_000046845_01130,30
99,GCF_000046845_01130,4.0,GCF_000046845_01130,GCF_000046845_01130,30
99,GCF_000046845_01130,6.0,GCF_000046845_01130,GCF_000046845_01130,30
99,GCF_000204075_01845,1.2,GCF_000204075_01845,GCF_000204075_01845,62
99,GCF_000204075_01845,1.4,GCF_000204075_01845,GCF_000204075_01845,62
99,GCF_000204075_01845,2.0,GCF_000204075_01845,GCF_000204075_01845,62
100,GCF_000204075_01845,4.0,GCF_000204075_01845,GCF_000204075_01845,62
100,GCF_000204075_01845,6.0,GCF_000204075_01845,GCF_000204075_01845,62
100,GCF_001046875_00602,1.2,GCF_001046875_00602,GCF_001046875_00602,94
100,GCF_001046875_00602,1.4,GCF_001046875_00602,GCF_001046875_00602,94
100,GCF_001046875_00602,2.0,GCF_001046875_00602,GCF_001046875_00602,94
101,GCF_001046875_00602,4.0,GCF_001046875_00602,GCF_001046875_00602,94
101,GCF_001046875_00602,6.0,GCF_001046875_00602,GCF_001046875_00602,94
