member_id,group,group_representative,assembly_id,contig_id,gene_position,orf_id,is_pseudogene,refseq_locus_tag,refseq_gene,refseq_product,is_seed,identity_to_query,coverage_to_query,evalue_to_query,ortho_cluster_id,ortho_cluster_members,mmseqs_cluster_id,mmseqs_cluster_representative,pairwise_mean_dissimilarity,relative_dissimilarity_to_representative,organism,genus,species,cds_start,cds_end,strand,relative_gene_position,hierarchical_order
GCF_000332235_02685,-1,GCF_000332235_02685,GCF_000332235,GCF_000332235_0,1.0,GCF_000332235_02681,g,SYN6308_RS13940,,PAS domain S-box protein,0,99.265,100,0.0,20.0,GCF_000332235_02681,65.0,GCF_000332235_02681,0.9551656920077972,0.0,Geminocystis herdmanii PCC 6308,geminocystis,herdmanii,2797962,2802378,1,5.0,0
GCF_000332235_02685,-1,GCF_000332235_02685,GCF_000332235,GCF_000332235_0,2.0,GCF_000332235_02682,g,SYN6308_RS24920,,hypothetical protein,0,99.265,100,0.0,23.0,GCF_000332235_02682,66.0,GCF_000332235_02682,0.9551656920077972,0.0,Geminocystis herdmanii PCC 6308,geminocystis,herdmanii,2802653,2802827,-1,5.0,0
GCF_000332235_02685,-1,GCF_000332235_02685,GCF_000332235,GCF_000332235_0,3.0,GCF_000332235_02683,g,SYN6308_RS13950,,hypothetical protein,0,99.265,100,0.0,29.0,GCF_000332235_02683,67.0,GCF_000332235_02683,0.9551656920077972,0.0,Geminocystis herdmanii PCC 6308,geminocystis,herdmanii,2802882,2803860,-1,5.0,0
GCF_000332235_02685,-1,GCF_000332235_02685,GCF_000332235,GCF_000332235_0,4.0,GCF_000332235_02684,g,SYN6308_RS13955,trmD,tRNA (guanosine(37)-N1)-methyltransferase TrmD,0,99.265,100,0.0,11.0,GCF_000332235_02684,68.0,GCF_000332235_02684,0.9551656920077972,0.0,Geminocystis herdmanii PCC 6308,geminocystis,herdmanii,2804052,2804769,-1,5.0,0
GCF_000332235_02685,-1,GCF_000332235_02685,GCF_000332235,GCF_000332235_0,5.0,GCF_000332235_02685,g,SYN6308_RS13960,,cyanophycinase,1,99.265,100,0.0,6.0,GCF_000332235_02685,69.0,GCF_000332235_02685,0.9551656920077972,0.0,Geminocystis herdmanii PCC 6308,geminocystis,herdmanii,2805005,2805824,1,5.0,0
GCF_000332235_02685,-1,GCF_000332235_02685,GCF_000332235,GCF_000332235_0,6.0,GCF_000332235_02686,g,SYN6308_RS13965,cphA,cyanophycin synthetase,0,99.265,100,0.0,7.0,GCF_000332235_02686,70.0,GCF_000332235_02686,0.9551656920077972,0.0,Geminocystis herdmanii PCC 6308,geminocystis,herdmanii,2806081,2808700,1,5.0,0
GCF_000332235_02685,-1,GCF_000332235_02685,GCF_000332235,GCF_000332235_0,7.0,GCF_000332235_02687,g,SYN6308_RS13970,,hypothetical protein,0,99.265,100,0.0,40.0,GCF_000332235_02687,71.0,GCF_000332235_02687,0.9551656920077972,0.0,Geminocystis herdmanii PCC 6308,geminocystis,herdmanii,2808831,2809206,1,5.0,0
GCF_000332235_02685,-1,GCF_000332235_02685,GCF_000332235,GCF_000332235_0,8.0,GCF_000332235_02688,g,SYN6308_RS13975,,D-alanine--D-alanine ligase,0,99.265,100,0.0,43.0,GCF_000332235_02688,72.0,GCF_000332235_02688,0.9551656920077972,0.0,Geminocystis herdmanii PCC 6308,geminocystis,herdmanii,2809531,2810572,-1,5.0,0
GCF_000332235_02685,-1,GCF_000332235_02685,GCF_000332235,GCF_000332235_0,9.0,GCF_000332235_02689,g,SYN6308_RS13980,,hypothetical protein,0,99.265,100,0.0,46.0,GCF_000332235_02689,73.0,GCF_000332235_02689,0.9551656920077972,0.0,Geminocystis herdmanii PCC 6308,geminocystis,herdmanii,2810754,2810976,1,5.0,0
GCF_000332235_02685,-1,GCF_000332235_02685,GCF_000332235,GCF_000332235_0,10.0,GCF_000332235_02690,g,SYN6308_RS22505,,hypothetical protein,0,99.265,100,0.0,49.0,GCF_000332235_02690,74.0,GCF_000332235_02690,0.9551656920077972,0.0,Geminocystis herdmanii PCC 6308,geminocystis,herdmanii,2811157,2811433,-1,5.0,0
GCF_000340785_01347,-1,GCF_000332235_02685,GCF_000340785,GCF_000340785_0,1.0,GCF_000340785_01343,g,MYO_RS06780,,response regulator,0,72.266,94,2.34e-141,52.0,GCF_000340785_01343,75.0,GCF_000340785_01343,0.9648148148148148,0.8888888888888888,Synechocystis sp. PCC 6803,synechocystis,sp.,1439470,1442515,-1,5.0,0
GCF_000340785_01347,-1,GCF_000332235_02685,GCF_000340785,GCF_000340785_0,2.0,GCF_000340785_01344,g,MYO_RS06785,,NAD(P)/FAD-dependent oxidoreductase,0,72.266,94,2.34e-141,55.0,GCF_000340785_01344,76.0,GCF_000340785_01344,0.9648148148148148,0.8888888888888888,Synechocystis sp. PCC 6803,synechocystis,sp.,1442583,1443861,1,5.0,0
GCF_000340785_01347,-1,GCF_000332235_02685,GCF_000340785,GCF_000340785_0,3.0,GCF_000340785_01345,g,MYO_RS18670,,type II toxin-antitoxin system HicA family toxin,0,72.266,94,2.34e-141,58.0,GCF_000340785_01345,77.0,GCF_000340785_01345,0.9648148148148148,0.8888888888888888,Synechocystis sp. PCC 6803,synechocystis,sp.,1443893,1444304,1,5.0,0
GCF_000340785_01347,-1,GCF_000332235_02685,GCF_000340785,GCF_000340785_0,4.0,GCF_000340785_01346,g,MYO_RS06795,,S-layer homology domain-containing protein,0,72.266,94,2.34e-141,61.0,GCF_000340785_01346,78.0,GCF_000340785_01346,0.9648148148148148,0.8888888888888888,Synechocystis sp. PCC 6803,synechocystis,sp.,1444342,1445308,1,5.0,0
GCF_000340785_01347,-1,GCF_000332235_02685,GCF_000340785,GCF_000340785_0,5.0,GCF_000340785_01347,g,MYO_RS06800,,cyanophycinase,1,72.266,94,2.34e-141,6.0,GCF_000340785_01347,79.0,GCF_000340785_01347,0.9648148148148148,0.8888888888888888,Synechocystis sp. PCC 6803,synechocystis,sp.,1445565,1446381,1,5.0,0
GCF_000340785_01347,-1,GCF_000332235_02685,GCF_000340785,GCF_000340785_0,6.0,GCF_000340785_01348,g,MYO_RS06805,cphA,cyanophycin synthetase,0,72.266,94,2.34e-141,7.0,GCF_000340785_01348,80.0,GCF_000340785_01348,0.9648148148148148,0.8888888888888888,Synechocystis sp. PCC 6803,synechocystis,sp.,1446528,1449150,1,5.0,0
GCF_000340785_01347,-1,GCF_000332235_02685,GCF_000340785,GCF_000340785_0,7.0,GCF_000340785_01349,g,MYO_RS06810,,DUF4129 domain-containing protein,0,72.266,94,2.34e-141,68.0,GCF_000340785_01349,81.0,GCF_000340785_01349,0.9648148148148148,0.8888888888888888,Synechocystis sp. PCC 6803,synechocystis,sp.,1449182,1449812,1,5.0,0
GCF_000340785_01347,-1,GCF_000332235_02685,GCF_000340785,GCF_000340785_0,8.0,GCF_000340785_01350,g,MYO_RS06815,,glutathione S-transferase family protein,0,72.266,94,2.34e-141,72.0,GCF_000340785_01350,82.0,GCF_000340785_01350,0.9648148148148148,0.8888888888888888,Synechocystis sp. PCC 6803,synechocystis,sp.,1449787,1450987,-1,5.0,0
GCF_000340785_01347,-1,GCF_000332235_02685,GCF_000340785,GCF_000340785_0,9.0,GCF_000340785_01351,g,MYO_RS06820,,hypothetical protein,0,72.266,94,2.34e-141,76.0,GCF_000340785_01351,83.0,GCF_000340785_01351,0.9648148148148148,0.8888888888888888,Synechocystis sp. PCC 6803,synechocystis,sp.,1451340,1451631,1,5.0,0
GCF_000340785_01347,-1,GCF_000332235_02685,GCF_000340785,GCF_000340785_0,10.0,GCF_000340785_01352,g,MYO_RS06825,,hypothetical protein,0,72.266,94,2.34e-141,79.0,GCF_000340785_01352,84.0,GCF_000340785_01352,0.9648148148148148,0.8888888888888888,Synechocystis sp. PCC 6803,synechocystis,sp.,1451698,1453123,1,5.0,0
GCF_000046845_01133,-1,GCF_000332235_02685,GCF_000046845,GCF_000046845_0,1.0,GCF_000046845_01129,g,ACIAD_RS05865,,class I SAM-dependent methyltransferase,0,33.473,83,4.3500000000000006e-27,96.0,GCF_000046845_01129,29.0,GCF_000046845_01129,1.0,1.0,Acinetobacter baylyi ADP1,acinetobacter,baylyi,1274946,1275615,1,5.0,0
GCF_000046845_01133,-1,GCF_000332235_02685,GCF_000046845,GCF_000046845_0,2.0,GCF_000046845_01130,g,ACIAD_RS05870,,amino acid permease,0,33.473,83,4.3500000000000006e-27,99.0,GCF_000046845_01130,30.0,GCF_000046845_01130,1.0,1.0,Acinetobacter baylyi ADP1,acinetobacter,baylyi,1276346,1277831,1,5.0,0
GCF_000046845_01133,-1,GCF_000332235_02685,GCF_000046845,GCF_000046845_0,3.0,GCF_000046845_01131,g,ACIAD_RS05875,,universal stress protein,0,33.473,83,4.3500000000000006e-27,24.0,GCF_000046845_01131,31.0,GCF_000046845_01131,1.0,1.0,Acinetobacter baylyi ADP1,acinetobacter,baylyi,1277827,1278715,1,5.0,0
GCF_000046845_01133,-1,GCF_000332235_02685,GCF_000046845,GCF_000046845_0,4.0,GCF_000046845_01132,g,ACIAD_RS05880,cphA,cyanophycin synthetase,0,33.473,83,4.3500000000000006e-27,15.0,GCF_000046845_01132,32.0,GCF_000046845_01132,1.0,1.0,Acinetobacter baylyi ADP1,acinetobacter,baylyi,1278772,1281517,1,5.0,0
GCF_000046845_01133,-1,GCF_000332235_02685,GCF_000046845,GCF_000046845_0,5.0,GCF_000046845_01133,g,ACIAD_RS05885,,cyanophycinase,1,33.473,83,4.3500000000000006e-27,19.0,GCF_000046845_01133,33.0,GCF_000046845_01133,1.0,1.0,Acinetobacter baylyi ADP1,acinetobacter,baylyi,1281524,1283720,1,5.0,0
GCF_000046845_01133,-1,GCF_000332235_02685,GCF_000046845,GCF_000046845_0,6.0,GCF_000046845_01134,g,ACIAD_RS05890,,hypothetical protein,0,33.473,83,4.3500000000000006e-27,22.0,GCF_000046845_01134,34.0,GCF_000046845_01134,1.0,1.0,Acinetobacter baylyi ADP1,acinetobacter,baylyi,1283769,1284261,1,5.0,0
GCF_000046845_01133,-1,GCF_000332235_02685,GCF_000046845,GCF_000046845_0,7.0,GCF_000046845_01135,g,ACIAD_RS05895,,M14 family metallopeptidase,0,33.473,83,4.3500000000000006e-27,28.0,GCF_000046845_01135,35.0,GCF_000046845_01135,1.0,1.0,Acinetobacter baylyi ADP1,acinetobacter,baylyi,1284278,1285430,1,5.0,0
GCF_000046845_01133,-1,GCF_000332235_02685,GCF_000046845,GCF_000046845_0,8.0,GCF_000046845_01136,g,ACIAD_RS05900,,Lrp/AsnC family transcriptional regulator,0,33.473,83,4.3500000000000006e-27,32.0,GCF_000046845_01136,36.0,GCF_000046845_01136,1.0,1.0,Acinetobacter baylyi ADP1,acinetobacter,baylyi,1285562,1285985,-1,5.0,0
GCF_000046845_01133,-1,GCF_000332235_02685,GCF_000046845,GCF_000046845_0,9.0,GCF_000046845_01137,g,ACIAD_RS05905,,aspartate aminotransferase family protein,0,33.473,83,4.3500000000000006e-27,35.0,GCF_000046845_01137,37.0,GCF_000046845_01137,1.0,1.0,Acinetobacter baylyi ADP1,acinetobacter,baylyi,1286123,1287335,1,5.0,0
GCF_000046845_01133,-1,GCF_000332235_02685,GCF_000046845,GCF_000046845_0,10.0,GCF_000046845_01138,g,ACIAD_RS05910,astA,arginine N-succinyltransferase,0,33.473,83,4.3500000000000006e-27,37.0,GCF_000046845_01138,38.0,GCF_000046845_01138,1.0,1.0,Acinetobacter baylyi ADP1,acinetobacter,baylyi,1287348,1288377,1,5.0,0
GCF_000046845_01133,-1,GCF_000332235_02685,GCF_000046845,GCF_000046845_0,11.0,GCF_000046845_01139,g,ACIAD_RS05915,astD,succinylglutamate-semialdehyde dehydrogenase,0,33.473,83,4.3500000000000006e-27,39.0,GCF_000046845_01139,39.0,GCF_000046845_01139,1.0,1.0,Acinetobacter baylyi ADP1,acinetobacter,baylyi,1288379,1289849,1,5.0,0
GCF_000204075_01842,-1,GCF_000332235_02685,GCF_000204075,GCF_000204075_0,1.0,GCF_000204075_01836,g,AVA_RS09150,argH,argininosuccinate lyase,0,65.504,95,7.080000000000001e-129,81.0,GCF_000204075_01836,53.0,GCF_000204075_01836,0.9570175438596492,0.8421052631578947,Trichormus variabilis ATCC 29413,trichormus,variabilis,2251364,2252750,-1,7.0,0
GCF_000204075_01842,-1,GCF_000332235_02685,GCF_000204075,GCF_000204075_0,2.0,GCF_000204075_01837,g,AVA_RS09155,,hypothetical protein,0,65.504,95,7.080000000000001e-129,85.0,GCF_000204075_01837,54.0,GCF_000204075_01837,0.9570175438596492,0.8421052631578947,Trichormus variabilis ATCC 29413,trichormus,variabilis,2252881,2253088,-1,7.0,0
GCF_000204075_01842,-1,GCF_000332235_02685,GCF_000204075,GCF_000204075_0,3.0,GCF_000204075_01838,g,AVA_RS09160,larB,nickel pincer cofactor biosynthesis protein LarB,0,65.504,95,7.080000000000001e-129,87.0,GCF_000204075_01838,55.0,GCF_000204075_01838,0.9570175438596492,0.8421052631578947,Trichormus variabilis ATCC 29413,trichormus,variabilis,2253186,2253975,-1,7.0,0
GCF_000204075_01842,-1,GCF_000332235_02685,GCF_000204075,GCF_000204075_0,4.0,GCF_000204075_01839,g,AVA_RS09165,,ABC transporter substrate-binding protein,0,65.504,95,7.080000000000001e-129,89.0,GCF_000204075_01839,56.0,GCF_000204075_01839,0.9570175438596492,0.8421052631578947,Trichormus variabilis ATCC 29413,trichormus,variabilis,2254063,2255851,-1,7.0,0
GCF_000204075_01842,-1,GCF_000332235_02685,GCF_000204075,GCF_000204075_0,5.0,GCF_000204075_01840,g,AVA_RS09170,ispF,"2-C-methyl-D-erythritol 2,4-cyclodiphosphate synthase",0,65.504,95,7.080000000000001e-129,91.0,GCF_000204075_01840,57.0,GCF_000204075_01840,0.9570175438596492,0.8421052631578947,Trichormus variabilis ATCC 29413,trichormus,variabilis,2255932,2256430,-1,7.0,0
GCF_000204075_01842,-1,GCF_000332235_02685,GCF_000204075,GCF_000204075_0,6.0,GCF_000204075_01841,g,AVA_RS09175,trmD,tRNA (guanosine(37)-N1)-methyltransferase TrmD,0,65.504,95,7.080000000000001e-129,11.0,GCF_000204075_01841,58.0,GCF_000204075_01841,0.9570175438596492,0.8421052631578947,Trichormus variabilis ATCC 29413,trichormus,variabilis,2256454,2257189,-1,7.0,0
GCF_000204075_01842,-1,GCF_000332235_02685,GCF_000204075,GCF_000204075_0,7.0,GCF_000204075_01842,g,AVA_RS09180,,cyanophycinase,1,65.504,95,7.080000000000001e-129,6.0,GCF_000204075_01842,59.0,GCF_000204075_01842,0.9570175438596492,0.8421052631578947,Trichormus variabilis ATCC 29413,trichormus,variabilis,2257752,2258616,1,7.0,0
GCF_000204075_01842,-1,GCF_000332235_02685,GCF_000204075,GCF_000204075_0,8.0,GCF_000204075_01843,g,AVA_RS09185,cphA,cyanophycin synthetase,0,65.504,95,7.080000000000001e-129,7.0,GCF_000204075_01843,60.0,GCF_000204075_01843,0.9570175438596492,0.8421052631578947,Trichormus variabilis ATCC 29413,trichormus,variabilis,2258788,2261494,1,7.0,0
GCF_000204075_01842,-1,GCF_000332235_02685,GCF_000204075,GCF_000204075_0,9.0,GCF_000204075_01844,g,AVA_RS09190,,twin-arginine translocase TatA/TatE family subunit,0,65.504,95,7.080000000000001e-129,97.0,GCF_000204075_01844,61.0,GCF_000204075_01844,0.9570175438596492,0.8421052631578947,Trichormus variabilis ATCC 29413,trichormus,variabilis,2261564,2261735,-1,7.0,0
GCF_000204075_01842,-1,GCF_000332235_02685,GCF_000204075,GCF_000204075_0,10.0,GCF_000204075_01845,g,AVA_RS09195,,serine/threonine protein kinase,0,65.504,95,7.080000000000001e-129,100.0,GCF_000204075_01845,62.0,GCF_000204075_01845,0.9570175438596492,0.8421052631578947,Trichormus variabilis ATCC 29413,trichormus,variabilis,2261937,2263329,-1,7.0,0
GCF_000204075_01842,-1,GCF_000332235_02685,GCF_000204075,GCF_000204075_0,11.0,GCF_000204075_01846,g,AVA_RS09200,cbiT,"precorrin-6Y C5,15-methyltransferase subunit CbiT",0,65.504,95,7.080000000000001e-129,25.0,GCF_000204075_01846,63.0,GCF_000204075_01846,0.9570175438596492,0.8421052631578947,Trichormus variabilis ATCC 29413,trichormus,variabilis,2263405,2264008,1,7.0,0
GCF_000204075_01842,-1,GCF_000332235_02685,GCF_000204075,GCF_000204075_0,12.0,GCF_000204075_01847,g,AVA_RS09205,,phosphatidate cytidylyltransferase,0,65.504,95,7.080000000000001e-129,16.0,GCF_000204075_01847,64.0,GCF_000204075_01847,0.9570175438596492,0.8421052631578947,Trichormus variabilis ATCC 29413,trichormus,variabilis,2264142,2265030,1,7.0,0
GCF_000204075_00340,-1,GCF_000332235_02685,GCF_000204075,GCF_000204075_0,1.0,GCF_000204075_00334,g,AVA_RS01660,,FKBP-type peptidyl-prolyl cis-trans isomerase,0,40.458,96,5.510000000000002e-66,42.0,GCF_000204075_00334,40.0,GCF_000204075_00334,1.0,1.0,Trichormus variabilis ATCC 29413,trichormus,variabilis,429385,429913,-1,7.0,0
GCF_000204075_00340,-1,GCF_000332235_02685,GCF_000204075,GCF_000204075_0,2.0,GCF_000204075_00335,g,AVA_RS01665,,phasin family protein,0,40.458,96,5.510000000000002e-66,45.0,GCF_000204075_00335,41.0,GCF_000204075_00335,1.0,1.0,Trichormus variabilis ATCC 29413,trichormus,variabilis,429991,430315,-1,7.0,0
GCF_000204075_00340,-1,GCF_000332235_02685,GCF_000204075,GCF_000204075_0,3.0,GCF_000204075_00336,g,AVA_RS01670,,TIGR03792 family protein,0,40.458,96,5.510000000000002e-66,48.0,GCF_000204075_00336,42.0,GCF_000204075_00336,1.0,1.0,Trichormus variabilis ATCC 29413,trichormus,variabilis,430445,430760,1,7.0,0
GCF_000204075_00340,-1,GCF_000332235_02685,GCF_000204075,GCF_000204075_0,4.0,GCF_000204075_00337,g,AVA_RS01675,,3-deoxy-7-phosphoheptulonate synthase,0,40.458,96,5.510000000000002e-66,51.0,GCF_000204075_00337,43.0,GCF_000204075_00337,1.0,1.0,Trichormus variabilis ATCC 29413,trichormus,variabilis,430926,431970,1,7.0,0
GCF_000204075_00340,-1,GCF_000332235_02685,GCF_000204075,GCF_000204075_0,5.0,GCF_000204075_00338,g,AVA_RS01680,,acetate--CoA ligase family protein,0,40.458,96,5.510000000000002e-66,54.0,GCF_000204075_00338,44.0,GCF_000204075_00338,1.0,1.0,Trichormus variabilis ATCC 29413,trichormus,variabilis,432154,434065,-1,7.0,0
GCF_000204075_00340,-1,GCF_000332235_02685,GCF_000204075,GCF_000204075_0,6.0,GCF_000204075_00339,g,AVA_RS01685,,hypothetical protein,0,40.458,96,5.510000000000002e-66,57.0,GCF_000204075_00339,45.0,GCF_000204075_00339,1.0,1.0,Trichormus variabilis ATCC 29413,trichormus,variabilis,434582,434786,1,7.0,0
GCF_000204075_00340,-1,GCF_000332235_02685,GCF_000204075,GCF_000204075_0,7.0,GCF_000204075_00340,g,AVA_RS01690,,cyanophycinase,1,40.458,96,5.510000000000002e-66,60.0,GCF_000204075_00340,46.0,GCF_000204075_00340,1.0,1.0,Trichormus variabilis ATCC 29413,trichormus,variabilis,435127,435994,1,7.0,0
GCF_000204075_00340,-1,GCF_000332235_02685,GCF_000204075,GCF_000204075_0,8.0,GCF_000204075_00341,g,AVA_RS01695,,thioredoxin family protein,0,40.458,96,5.510000000000002e-66,63.0,GCF_000204075_00341,47.0,GCF_000204075_00341,1.0,1.0,Trichormus variabilis ATCC 29413,trichormus,variabilis,436091,436670,-1,7.0,0
GCF_000204075_00340,-1,GCF_000332235_02685,GCF_000204075,GCF_000204075_0,9.0,GCF_000204075_00342,g,AVA_RS01700,,4Fe-4S binding protein,0,40.458,96,5.510000000000002e-66,65.0,GCF_000204075_00342,48.0,GCF_000204075_00342,1.0,1.0,Trichormus variabilis ATCC 29413,trichormus,variabilis,436809,437214,1,7.0,0
GCF_000204075_00340,-1,GCF_000332235_02685,GCF_000204075,GCF_000204075_0,10.0,GCF_000204075_00343,g,AVA_RS01705,,DUF3616 domain-containing protein,0,40.458,96,5.510000000000002e-66,67.0,GCF_000204075_00343,49.0,GCF_000204075_00343,1.0,1.0,Trichormus variabilis ATCC 29413,trichormus,variabilis,437210,438278,-1,7.0,0
GCF_000204075_00340,-1,GCF_000332235_02685,GCF_000204075,GCF_000204075_0,11.0,GCF_000204075_00344,g,AVA_RS01710,,CHAD domain-containing protein,0,40.458,96,5.510000000000002e-66,71.0,GCF_000204075_00344,50.0,GCF_000204075_00344,1.0,1.0,Trichormus variabilis ATCC 29413,trichormus,variabilis,438641,439610,1,7.0,0
GCF_000204075_00340,-1,GCF_000332235_02685,GCF_000204075,GCF_000204075_0,12.0,GCF_000204075_00345,g,AVA_RS01715,,hypothetical protein,0,40.458,96,5.510000000000002e-66,75.0,GCF_000204075_00345,51.0,GCF_000204075_00345,1.0,1.0,Trichormus variabilis ATCC 29413,trichormus,variabilis,439634,440273,-1,7.0,0
GCF_000204075_00340,-1,GCF_000332235_02685,GCF_000204075,GCF_000204075_0,13.0,GCF_000204075_00346,g,AVA_RS01720,,hypothetical protein,0,40.458,96,5.510000000000002e-66,78.0,GCF_000204075_00346,52.0,GCF_000204075_00346,1.0,1.0,Trichormus variabilis ATCC 29413,trichormus,variabilis,440865,441306,1,7.0,0
GCF_000011385_04206,-1,GCF_000332235_02685,GCF_000011385,GCF_000011385_0,15.0,GCF_000011385_04200,g,GLL_RS21220,,Uma2 family endonuclease,0,43.678,96,5.77e-79,59.0,GCF_000011385_04200,14.0,GCF_000011385_04200,1.0,1.0,Gloeobacter violaceus PCC 7421,gloeobacter,violaceus,4317285,4318047,1,9.0,0
GCF_000011385_04206,-1,GCF_000332235_02685,GCF_000011385,GCF_000011385_0,14.0,GCF_000011385_04201,g,GLL_RS21225,,ATP-binding cassette domain-containing protein,0,43.678,96,5.77e-79,62.0,GCF_000011385_04201,15.0,GCF_000011385_04201,1.0,1.0,Gloeobacter violaceus PCC 7421,gloeobacter,violaceus,4318066,4319050,-1,9.0,0
GCF_000011385_04206,-1,GCF_000332235_02685,GCF_000011385,GCF_000011385_0,13.0,GCF_000011385_04202,g,GLL_RS21230,,ABC transporter ATP-binding protein,0,43.678,96,5.77e-79,64.0,GCF_000011385_04202,16.0,GCF_000011385_04202,1.0,1.0,Gloeobacter violaceus PCC 7421,gloeobacter,violaceus,4319099,4320083,-1,9.0,0
GCF_000011385_04206,-1,GCF_000332235_02685,GCF_000011385,GCF_000011385_0,12.0,GCF_000011385_04203,g,GLL_RS21235,,ABC transporter permease subunit,0,43.678,96,5.77e-79,66.0,GCF_000011385_04203,17.0,GCF_000011385_04203,1.0,1.0,Gloeobacter violaceus PCC 7421,gloeobacter,violaceus,4320082,4321003,-1,9.0,0
GCF_000011385_04206,-1,GCF_000332235_02685,GCF_000011385,GCF_000011385_0,11.0,GCF_000011385_04204,g,GLL_RS21240,,ABC transporter permease,0,43.678,96,5.77e-79,70.0,GCF_000011385_04204,18.0,GCF_000011385_04204,1.0,1.0,Gloeobacter violaceus PCC 7421,gloeobacter,violaceus,4321008,4321887,-1,9.0,0
GCF_000011385_04206,-1,GCF_000332235_02685,GCF_000011385,GCF_000011385_0,10.0,GCF_000011385_04205,g,GLL_RS21245,,peptide ABC transporter substrate-binding protein,0,43.678,96,5.77e-79,74.0,GCF_000011385_04205,19.0,GCF_000011385_04205,1.0,1.0,Gloeobacter violaceus PCC 7421,gloeobacter,violaceus,4321943,4323584,-1,9.0,0
GCF_000011385_04206,-1,GCF_000332235_02685,GCF_000011385,GCF_000011385_0,9.0,GCF_000011385_04206,g,GLL_RS21250,,cyanophycinase,1,43.678,96,5.77e-79,77.0,GCF_000011385_04206,20.0,GCF_000011385_04206,1.0,1.0,Gloeobacter violaceus PCC 7421,gloeobacter,violaceus,4323564,4324404,-1,9.0,0
GCF_000011385_04206,-1,GCF_000332235_02685,GCF_000011385,GCF_000011385_0,8.0,GCF_000011385_04207,g,GLL_RS21255,,response regulator transcription factor,0,43.678,96,5.77e-79,80.0,GCF_000011385_04207,21.0,GCF_000011385_04207,1.0,1.0,Gloeobacter violaceus PCC 7421,gloeobacter,violaceus,4324531,4325236,1,9.0,0
GCF_000011385_04206,-1,GCF_000332235_02685,GCF_000011385,GCF_000011385_0,7.0,GCF_000011385_04208,g,GLL_RS21260,,PD-(D/E)XK nuclease family protein,0,43.678,96,5.77e-79,84.0,GCF_000011385_04208,22.0,GCF_000011385_04208,1.0,1.0,Gloeobacter violaceus PCC 7421,gloeobacter,violaceus,4325388,4326204,1,9.0,0
GCF_000011385_04206,-1,GCF_000332235_02685,GCF_000011385,GCF_000011385_0,6.0,GCF_000011385_04209,g,GLL_RS21265,,YihY/virulence factor BrkB family protein,0,43.678,96,5.77e-79,86.0,GCF_000011385_04209,23.0,GCF_000011385_04209,1.0,1.0,Gloeobacter violaceus PCC 7421,gloeobacter,violaceus,4326321,4327446,-1,9.0,0
GCF_000011385_04206,-1,GCF_000332235_02685,GCF_000011385,GCF_000011385_0,5.0,GCF_000011385_04210,g,GLL_RS21270,,LON peptidase substrate-binding domain-containing protein,0,43.678,96,5.77e-79,88.0,GCF_000011385_04210,24.0,GCF_000011385_04210,1.0,1.0,Gloeobacter violaceus PCC 7421,gloeobacter,violaceus,4327559,4328621,-1,9.0,0
GCF_000011385_04206,-1,GCF_000332235_02685,GCF_000011385,GCF_000011385_0,4.0,GCF_000011385_04211,g,GLL_RS21275,,hypothetical protein,0,43.678,96,5.77e-79,90.0,GCF_000011385_04211,25.0,GCF_000011385_04211,1.0,1.0,Gloeobacter violaceus PCC 7421,gloeobacter,violaceus,4328791,4329004,1,9.0,0
GCF_000011385_04206,-1,GCF_000332235_02685,GCF_000011385,GCF_000011385_0,3.0,GCF_000011385_04212,g,GLL_RS21280,,hypothetical protein,0,43.678,96,5.77e-79,93.0,GCF_000011385_04212,26.0,GCF_000011385_04212,1.0,1.0,Gloeobacter violaceus PCC 7421,gloeobacter,violaceus,4329156,4329330,-1,9.0,0
GCF_000011385_04206,-1,GCF_000332235_02685,GCF_000011385,GCF_000011385_0,2.0,GCF_000011385_04213,g,GLL_RS21285,,hypothetical protein,0,43.678,96,5.77e-79,94.0,GCF_000011385_04213,27.0,GCF_000011385_04213,1.0,1.0,Gloeobacter violaceus PCC 7421,gloeobacter,violaceus,4329412,4329706,-1,9.0,0
GCF_000011385_04206,-1,GCF_000332235_02685,GCF_000011385,GCF_000011385_0,1.0,GCF_000011385_04214,g,GLL_RS21290,,hypothetical protein,0,43.678,96,5.77e-79,95.0,GCF_000011385_04214,28.0,GCF_000011385_04214,1.0,1.0,Gloeobacter violaceus PCC 7421,gloeobacter,violaceus,4329705,4330593,-1,9.0,0
GCF_000011385_00119,-1,GCF_000332235_02685,GCF_000011385,GCF_000011385_0,14.0,GCF_000011385_00113,g,GLL_RS00565,,ADP-ribosylglycohydrolase,0,27.734,86,1.44e-13,14.0,GCF_000011385_00113,0.0,GCF_000011385_00113,1.0,1.0,Gloeobacter violaceus PCC 7421,gloeobacter,violaceus,108589,109516,1,8.0,0
GCF_000011385_00119,-1,GCF_000332235_02685,GCF_000011385,GCF_000011385_0,13.0,GCF_000011385_00114,g,GLL_RS00570,,hypothetical protein,0,27.734,86,1.44e-13,18.0,GCF_000011385_00114,1.0,GCF_000011385_00114,1.0,1.0,Gloeobacter violaceus PCC 7421,gloeobacter,violaceus,109701,110904,1,8.0,0
GCF_000011385_00119,-1,GCF_000332235_02685,GCF_000011385,GCF_000011385_0,12.0,GCF_000011385_00115,g,GLL_RS00575,,ADP-ribosylglycohydrolase family protein,0,27.734,86,1.44e-13,21.0,GCF_000011385_00115,2.0,GCF_000011385_00115,1.0,1.0,Gloeobacter violaceus PCC 7421,gloeobacter,violaceus,111446,111665,1,8.0,0
GCF_000011385_00119,-1,GCF_000332235_02685,GCF_000011385,GCF_000011385_0,11.0,GCF_000011385_00116,g,GLL_RS00580,,DUF6391 domain-containing protein,0,27.734,86,1.44e-13,27.0,GCF_000011385_00116,3.0,GCF_000011385_00116,1.0,1.0,Gloeobacter violaceus PCC 7421,gloeobacter,violaceus,111837,112395,-1,8.0,0
GCF_000011385_00119,-1,GCF_000332235_02685,GCF_000011385,GCF_000011385_0,10.0,GCF_000011385_00117,g,GLL_RS00585,,SDR family oxidoreductase,0,27.734,86,1.44e-13,31.0,GCF_000011385_00117,4.0,GCF_000011385_00117,1.0,1.0,Gloeobacter violaceus PCC 7421,gloeobacter,violaceus,112413,113160,-1,8.0,0
GCF_000011385_00119,-1,GCF_000332235_02685,GCF_000011385,GCF_000011385_0,9.0,GCF_000011385_00118,g,GLL_RS00590,,EcsC family protein,0,27.734,86,1.44e-13,34.0,GCF_000011385_00118,5.0,GCF_000011385_00118,1.0,1.0,Gloeobacter violaceus PCC 7421,gloeobacter,violaceus,113267,114104,1,8.0,0
GCF_000011385_00119,-1,GCF_000332235_02685,GCF_000011385,GCF_000011385_0,8.0,GCF_000011385_00119,g,GLL_RS00595,,cyanophycinase,1,27.734,86,1.44e-13,36.0,GCF_000011385_00119,6.0,GCF_000011385_00119,1.0,1.0,Gloeobacter violaceus PCC 7421,gloeobacter,violaceus,114107,115565,-1,8.0,0
GCF_000011385_00119,-1,GCF_000332235_02685,GCF_000011385,GCF_000011385_0,7.0,GCF_000011385_00120,g,GLL_RS00600,,DUF4342 domain-containing protein,0,27.734,86,1.44e-13,38.0,GCF_000011385_00120,7.0,GCF_000011385_00120,1.0,1.0,Gloeobacter violaceus PCC 7421,gloeobacter,violaceus,115629,115968,-1,8.0,0
GCF_000011385_00119,-1,GCF_000332235_02685,GCF_000011385,GCF_000011385_0,6.0,GCF_000011385_00121,g,GLL_RS00605,,S41 family peptidase,0,27.734,86,1.44e-13,41.0,GCF_000011385_00121,8.0,GCF_000011385_00121,1.0,1.0,Gloeobacter violaceus PCC 7421,gloeobacter,violaceus,116078,117365,-1,8.0,0
GCF_000011385_00119,-1,GCF_000332235_02685,GCF_000011385,GCF_000011385_0,5.0,GCF_000011385_00122,g,GLL_RS00610,,TMEM165/GDT1 family protein,0,27.734,86,1.44e-13,44.0,GCF_000011385_00122,9.0,GCF_000011385_00122,1.0,1.0,Gloeobacter violaceus PCC 7421,gloeobacter,violaceus,117548,117830,1,8.0,0
GCF_000011385_00119,-1,GCF_000332235_02685,GCF_000011385,GCF_000011385_0,4.0,GCF_000011385_00123,g,GLL_RS00615,,adenosine deaminase,0,27.734,86,1.44e-13,47.0,GCF_000011385_00123,10.0,GCF_000011385_00123,1.0,1.0,Gloeobacter violaceus PCC 7421,gloeobacter,violaceus,117921,118935,1,8.0,0
GCF_000011385_00119,-1,GCF_000332235_02685,GCF_000011385,GCF_000011385_0,3.0,GCF_000011385_00124,g,GLL_RS00620,,metallophosphoesterase,0,27.734,86,1.44e-13,50.0,GCF_000011385_00124,11.0,GCF_000011385_00124,1.0,1.0,Gloeobacter violaceus PCC 7421,gloeobacter,violaceus,119015,119891,1,8.0,0
GCF_000011385_00119,-1,GCF_000332235_02685,GCF_000011385,GCF_000011385_0,2.0,GCF_000011385_00125,g,GLL_RS00625,cobW,cobalamin biosynthesis protein CobW,0,27.734,86,1.44e-13,53.0,GCF_000011385_00125,12.0,GCF_000011385_00125,1.0,1.0,Gloeobacter violaceus PCC 7421,gloeobacter,violaceus,119841,120897,-1,8.0,0
GCF_000011385_00119,-1,GCF_000332235_02685,GCF_000011385,GCF_000011385_0,1.0,GCF_000011385_00126,g,GLL_RS00630,,DoxX family protein,0,27.734,86,1.44e-13,56.0,GCF_000011385_00126,13.0,GCF_000011385_00126,1.0,1.0,Gloeobacter violaceus PCC 7421,gloeobacter,violaceus,121047,121533,1,8.0,0
GCF_001046875_00605,0,GCF_009184895_02175,GCF_001046875,GCF_001046875_0,11.0,GCF_001046875_00601,g,BN13_RS03030,,phosphotransferase,0,36.759,93,1.35e-47,98.0,GCF_001046875_00601,93.0,GCF_001046875_00601,0.6349206349206349,0.6,Tetrasphaera jenkinsii Ben 74,tetrasphaera,jenkinsii,642532,643966,1,7.0,1
GCF_001046875_00605,0,GCF_009184895_02175,GCF_001046875,GCF_001046875_0,10.0,GCF_001046875_00602,g,BN13_RS03035,glgB,"1,4-alpha-glucan branching protein GlgB",0,36.759,93,1.35e-47,101.0,GCF_001046875_00602,94.0,GCF_001046875_00602,0.6349206349206349,0.6,Tetrasphaera jenkinsii Ben 74,tetrasphaera,jenkinsii,643962,646188,1,7.0,1
GCF_001046875_00605,0,GCF_009184895_02175,GCF_001046875,GCF_001046875_0,9.0,GCF_001046875_00603,g,BN13_RS03040,pgm,"phosphoglucomutase (alpha-D-glucose-1,6-bisphosphate-dependent)",0,36.759,93,1.35e-47,26.0,GCF_001046875_00603,95.0,GCF_001046875_00603,0.6349206349206349,0.6,Tetrasphaera jenkinsii Ben 74,tetrasphaera,jenkinsii,646184,647849,1,7.0,1
GCF_001046875_00605,0,GCF_009184895_02175,GCF_001046875,GCF_001046875_0,8.0,GCF_001046875_00604,g,BN13_RS03045,cphA,cyanophycin synthetase,0,36.759,93,1.35e-47,0.0,GCF_001046875_00604,96.0,GCF_001046875_00604,0.6349206349206349,0.6,Tetrasphaera jenkinsii Ben 74,tetrasphaera,jenkinsii,648189,650958,-1,7.0,1
GCF_001046875_00605,0,GCF_009184895_02175,GCF_001046875,GCF_001046875_0,7.0,GCF_001046875_00605,g,BN13_RS03050,,cyanophycinase,1,36.759,93,1.35e-47,1.0,GCF_001046875_00605,97.0,GCF_001046875_00605,0.6349206349206349,0.6,Tetrasphaera jenkinsii Ben 74,tetrasphaera,jenkinsii,651031,651898,-1,7.0,1
GCF_001046875_00605,0,GCF_009184895_02175,GCF_001046875,GCF_001046875_0,6.0,GCF_001046875_00606,g,BN13_RS03055,serB,phosphoserine phosphatase SerB,0,36.759,93,1.35e-47,10.0,GCF_001046875_00606,98.0,GCF_001046875_00606,0.6349206349206349,0.6,Tetrasphaera jenkinsii Ben 74,tetrasphaera,jenkinsii,651902,652622,-1,7.0,1
GCF_001046875_00605,0,GCF_009184895_02175,GCF_001046875,GCF_001046875_0,5.0,GCF_001046875_00607,g,BN13_RS03060,glgC,glucose-1-phosphate adenylyltransferase,0,36.759,93,1.35e-47,2.0,GCF_001046875_00607,99.0,GCF_001046875_00607,0.6349206349206349,0.6,Tetrasphaera jenkinsii Ben 74,tetrasphaera,jenkinsii,652686,653940,-1,7.0,1
GCF_001046875_00605,0,GCF_009184895_02175,GCF_001046875,GCF_001046875_0,4.0,GCF_001046875_00608,g,BN13_RS03065,glgA,glycogen synthase,0,36.759,93,1.35e-47,3.0,GCF_001046875_00608,100.0,GCF_001046875_00608,0.6349206349206349,0.6,Tetrasphaera jenkinsii Ben 74,tetrasphaera,jenkinsii,654039,655233,1,7.0,1
GCF_001046875_00605,0,GCF_009184895_02175,GCF_001046875,GCF_001046875_0,3.0,GCF_001046875_00609,g,BN13_RS03070,argA,amino-acid N-acetyltransferase,0,36.759,93,1.35e-47,12.0,GCF_001046875_00609,101.0,GCF_001046875_00609,0.6349206349206349,0.6,Tetrasphaera jenkinsii Ben 74,tetrasphaera,jenkinsii,655278,656649,-1,7.0,1
GCF_001046875_00605,0,GCF_009184895_02175,GCF_001046875,GCF_001046875_0,2.0,GCF_001046875_00610,g,BN13_RS03075,,ABC transporter ATP-binding protein,0,36.759,93,1.35e-47,8.0,GCF_001046875_00610,102.0,GCF_001046875_00610,0.6349206349206349,0.6,Tetrasphaera jenkinsii Ben 74,tetrasphaera,jenkinsii,656687,657485,1,7.0,1
GCF_001046875_00605,0,GCF_009184895_02175,GCF_001046875,GCF_001046875_0,1.0,GCF_001046875_00611,g,BN13_RS03080,,NfeD family protein,0,36.759,93,1.35e-47,9.0,GCF_001046875_00611,103.0,GCF_001046875_00611,0.6349206349206349,0.6,Tetrasphaera jenkinsii Ben 74,tetrasphaera,jenkinsii,657523,658000,1,7.0,1
GCF_001046855_01620,0,GCF_009184895_02175,GCF_001046855,GCF_001046855_0,8.0,GCF_001046855_01617,g,BN12_RS08160,,hypothetical protein,0,35.938,94,1.7499999999999998e-42,82.0,GCF_001046855_01617,85.0,GCF_001046855_01617,0.6036630036630036,0.5,Tetrasphaera japonica T1-X7,tetrasphaera,japonica,1816827,1818164,-1,5.0,1
GCF_001046855_01620,0,GCF_009184895_02175,GCF_001046855,GCF_001046855_0,7.0,GCF_001046855_01618,g,BN12_RS08165,,tetratricopeptide repeat protein,0,35.938,94,1.7499999999999998e-42,4.0,GCF_001046855_01618,86.0,GCF_001046855_01618,0.6036630036630036,0.5,Tetrasphaera japonica T1-X7,tetrasphaera,japonica,1818264,1820051,1,5.0,1
GCF_001046855_01620,0,GCF_009184895_02175,GCF_001046855,GCF_001046855_0,6.0,GCF_001046855_01619,g,BN12_RS08170,cphA,cyanophycin synthetase,0,35.938,94,1.7499999999999998e-42,0.0,GCF_001046855_01619,87.0,GCF_001046855_01619,0.6036630036630036,0.5,Tetrasphaera japonica T1-X7,tetrasphaera,japonica,1820114,1822946,-1,5.0,1
GCF_001046855_01620,0,GCF_009184895_02175,GCF_001046855,GCF_001046855_0,5.0,GCF_001046855_01620,g,BN12_RS08175,,cyanophycinase,1,35.938,94,1.7499999999999998e-42,1.0,GCF_001046855_01620,88.0,GCF_001046855_01620,0.6036630036630036,0.5,Tetrasphaera japonica T1-X7,tetrasphaera,japonica,1822971,1823832,-1,5.0,1
GCF_001046855_01620,0,GCF_009184895_02175,GCF_001046855,GCF_001046855_0,4.0,GCF_001046855_01621,g,BN12_RS08180,,S53 family peptidase,0,35.938,94,1.7499999999999998e-42,92.0,GCF_001046855_01621,89.0,GCF_001046855_01621,0.6036630036630036,0.5,Tetrasphaera japonica T1-X7,tetrasphaera,japonica,1824095,1826078,1,5.0,1
GCF_001046855_01620,0,GCF_009184895_02175,GCF_001046855,GCF_001046855_0,3.0,GCF_001046855_01622,g,BN12_RS08185,serB,phosphoserine phosphatase SerB,0,35.938,94,1.7499999999999998e-42,5.0,GCF_001046855_01622,90.0,GCF_001046855_01622,0.6036630036630036,0.5,Tetrasphaera japonica T1-X7,tetrasphaera,japonica,1826196,1827420,-1,5.0,1
GCF_001046855_01620,0,GCF_009184895_02175,GCF_001046855,GCF_001046855_0,2.0,GCF_001046855_01623,g,BN12_RS08190,glgC,glucose-1-phosphate adenylyltransferase,0,35.938,94,1.7499999999999998e-42,2.0,GCF_001046855_01623,91.0,GCF_001046855_01623,0.6036630036630036,0.5,Tetrasphaera japonica T1-X7,tetrasphaera,japonica,1827431,1828691,-1,5.0,1
GCF_001046855_01620,0,GCF_009184895_02175,GCF_001046855,GCF_001046855_0,1.0,GCF_001046855_01624,g,BN12_RS08195,glgA,glycogen synthase,0,35.938,94,1.7499999999999998e-42,3.0,GCF_001046855_01624,92.0,GCF_001046855_01624,0.6036630036630036,0.5,Tetrasphaera japonica T1-X7,tetrasphaera,japonica,1828756,1829953,1,5.0,1
GCF_009184895_02175,0,GCF_009184895_02175,GCF_009184895,GCF_009184895_32,1.0,GCF_009184895_02169,g,GA707_RS07795,,NfeD family protein,0,36.397,100,6.3500000000000005e-47,9.0,GCF_009184895_02169,115.0,GCF_009184895_02169,0.525,0.0,Tetrasphaera sp. F2B08,tetrasphaera,sp.,70806,71265,-1,7.0,1
GCF_009184895_02175,0,GCF_009184895_02175,GCF_009184895,GCF_009184895_32,2.0,GCF_009184895_02170,g,GA707_RS07800,,ABC transporter ATP-binding protein,0,36.397,100,6.3500000000000005e-47,8.0,GCF_009184895_02170,116.0,GCF_009184895_02170,0.525,0.0,Tetrasphaera sp. F2B08,tetrasphaera,sp.,71436,72219,-1,7.0,1
GCF_009184895_02175,0,GCF_009184895_02175,GCF_009184895,GCF_009184895_32,3.0,GCF_009184895_02171,g,GA707_RS07805,,hypothetical protein,0,36.397,100,6.3500000000000005e-47,83.0,GCF_009184895_02171,117.0,GCF_009184895_02171,0.525,0.0,Tetrasphaera sp. F2B08,tetrasphaera,sp.,72272,73022,1,7.0,1
GCF_009184895_02175,0,GCF_009184895_02175,GCF_009184895,GCF_009184895_32,4.0,GCF_009184895_02172,g,GA707_RS07810,glgA,glycogen synthase,0,36.397,100,6.3500000000000005e-47,3.0,GCF_009184895_02172,118.0,GCF_009184895_02172,0.525,0.0,Tetrasphaera sp. F2B08,tetrasphaera,sp.,72985,74191,-1,7.0,1
GCF_009184895_02175,0,GCF_009184895_02175,GCF_009184895,GCF_009184895_32,5.0,GCF_009184895_02173,g,GA707_RS07815,glgC,glucose-1-phosphate adenylyltransferase,0,36.397,100,6.3500000000000005e-47,2.0,GCF_009184895_02173,119.0,GCF_009184895_02173,0.525,0.0,Tetrasphaera sp. F2B08,tetrasphaera,sp.,74257,75508,1,7.0,1
GCF_009184895_02175,0,GCF_009184895_02175,GCF_009184895,GCF_009184895_32,6.0,GCF_009184895_02174,g,GA707_RS07820,serB,phosphoserine phosphatase SerB,0,36.397,100,6.3500000000000005e-47,5.0,GCF_009184895_02174,120.0,GCF_009184895_02174,0.525,0.0,Tetrasphaera sp. F2B08,tetrasphaera,sp.,75604,76858,1,7.0,1
GCF_009184895_02175,0,GCF_009184895_02175,GCF_009184895,GCF_009184895_32,7.0,GCF_009184895_02175,g,GA707_RS07825,,cyanophycinase,1,36.397,100,6.3500000000000005e-47,1.0,GCF_009184895_02175,121.0,GCF_009184895_02175,0.525,0.0,Tetrasphaera sp. F2B08,tetrasphaera,sp.,76854,77700,1,7.0,1
GCF_009184895_02175,0,GCF_009184895_02175,GCF_009184895,GCF_009184895_32,8.0,GCF_009184895_02176,g,GA707_RS07830,cphA,cyanophycin synthetase,0,36.397,100,6.3500000000000005e-47,0.0,GCF_009184895_02176,122.0,GCF_009184895_02176,0.525,0.0,Tetrasphaera sp. F2B08,tetrasphaera,sp.,77759,80570,1,7.0,1
GCF_009184895_02175,0,GCF_009184895_02175,GCF_009184895,GCF_009184895_32,9.0,GCF_009184895_02177,g,GA707_RS07835,,tetratricopeptide repeat protein,0,36.397,100,6.3500000000000005e-47,4.0,GCF_009184895_02177,123.0,GCF_009184895_02177,0.525,0.0,Tetrasphaera sp. F2B08,tetrasphaera,sp.,80610,82851,-1,7.0,1
GCF_009184895_02175,0,GCF_009184895_02175,GCF_009184895,GCF_009184895_32,10.0,GCF_009184895_02178,g,GA707_RS07840,fabI,enoyl-ACP reductase FabI,0,36.397,100,6.3500000000000005e-47,13.0,GCF_009184895_02178,124.0,GCF_009184895_02178,0.525,0.0,Tetrasphaera sp. F2B08,tetrasphaera,sp.,82856,83642,-1,7.0,1
GCF_001050535_01443,0,GCF_009184895_02175,GCF_001050535,GCF_001050535_0,1.0,GCF_001050535_01437,g,BN11_RS07155,,NfeD family protein,0,35.039,93,2.01e-47,9.0,GCF_001050535_01437,104.0,GCF_001050535_01437,0.569327731092437,0.5,Tetrasphaera australiensis Ben110,tetrasphaera,australiensis,1487480,1487945,-1,7.0,1
GCF_001050535_01443,0,GCF_009184895_02175,GCF_001050535,GCF_001050535_0,2.0,GCF_001050535_01438,g,BN11_RS07160,,ABC transporter ATP-binding protein,0,35.039,93,2.01e-47,8.0,GCF_001050535_01438,105.0,GCF_001050535_01438,0.569327731092437,0.5,Tetrasphaera australiensis Ben110,tetrasphaera,australiensis,1487949,1488738,-1,7.0,1
GCF_001050535_01443,0,GCF_009184895_02175,GCF_001050535,GCF_001050535_0,3.0,GCF_001050535_01439,g,BN11_RS07165,argA,amino-acid N-acetyltransferase,0,35.039,93,2.01e-47,12.0,GCF_001050535_01439,106.0,GCF_001050535_01439,0.569327731092437,0.5,Tetrasphaera australiensis Ben110,tetrasphaera,australiensis,1488809,1490192,1,7.0,1
GCF_001050535_01443,0,GCF_009184895_02175,GCF_001050535,GCF_001050535_0,4.0,GCF_001050535_01440,g,BN11_RS07170,glgA,glycogen synthase,0,35.039,93,2.01e-47,3.0,GCF_001050535_01440,107.0,GCF_001050535_01440,0.569327731092437,0.5,Tetrasphaera australiensis Ben110,tetrasphaera,australiensis,1490300,1491494,-1,7.0,1
GCF_001050535_01443,0,GCF_009184895_02175,GCF_001050535,GCF_001050535_0,5.0,GCF_001050535_01441,g,BN11_RS07175,glgC,glucose-1-phosphate adenylyltransferase,0,35.039,93,2.01e-47,2.0,GCF_001050535_01441,108.0,GCF_001050535_01441,0.569327731092437,0.5,Tetrasphaera australiensis Ben110,tetrasphaera,australiensis,1491607,1492858,1,7.0,1
GCF_001050535_01443,0,GCF_009184895_02175,GCF_001050535,GCF_001050535_0,6.0,GCF_001050535_01442,g,BN11_RS07180,serB,phosphoserine phosphatase SerB,0,35.039,93,2.01e-47,10.0,GCF_001050535_01442,109.0,GCF_001050535_01442,0.569327731092437,0.5,Tetrasphaera australiensis Ben110,tetrasphaera,australiensis,1492854,1493526,1,7.0,1
GCF_001050535_01443,0,GCF_009184895_02175,GCF_001050535,GCF_001050535_0,7.0,GCF_001050535_01443,g,BN11_RS07185,,cyanophycinase,1,35.039,93,2.01e-47,1.0,GCF_001050535_01443,110.0,GCF_001050535_01443,0.569327731092437,0.5,Tetrasphaera australiensis Ben110,tetrasphaera,australiensis,1493619,1494486,1,7.0,1
GCF_001050535_01443,0,GCF_009184895_02175,GCF_001050535,GCF_001050535_0,8.0,GCF_001050535_01444,g,BN11_RS07190,cphA,cyanophycin synthetase,0,35.039,93,2.01e-47,0.0,GCF_001050535_01444,111.0,GCF_001050535_01444,0.569327731092437,0.5,Tetrasphaera australiensis Ben110,tetrasphaera,australiensis,1494511,1497304,1,7.0,1
GCF_001050535_01443,0,GCF_009184895_02175,GCF_001050535,GCF_001050535_0,9.0,GCF_001050535_01445,g,BN11_RS07195,,tetratricopeptide repeat protein,0,35.039,93,2.01e-47,4.0,GCF_001050535_01445,112.0,GCF_001050535_01445,0.569327731092437,0.5,Tetrasphaera australiensis Ben110,tetrasphaera,australiensis,1497300,1499205,-1,7.0,1
GCF_001050535_01443,0,GCF_009184895_02175,GCF_001050535,GCF_001050535_0,10.0,GCF_001050535_01446,g,BN11_RS07200,,IS256 family transposase,0,35.039,93,2.01e-47,69.0,GCF_001050535_01446,113.0,GCF_001050535_01446,0.569327731092437,0.5,Tetrasphaera australiensis Ben110,tetrasphaera,australiensis,1499305,1500153,1,7.0,1
GCF_001050535_01443,0,GCF_009184895_02175,GCF_001050535,GCF_001050535_0,11.0,GCF_001050535_01447,g,BN11_RS07205,,heavy metal-responsive transcriptional regulator,0,35.039,93,2.01e-47,73.0,GCF_001050535_01447,114.0,GCF_001050535_01447,0.569327731092437,0.5,Tetrasphaera australiensis Ben110,tetrasphaera,australiensis,1500261,1500615,1,7.0,1
GCF_009707485_00857,0,GCF_009184895_02175,GCF_009707485,GCF_009707485_0,11.0,GCF_009707485_00853,g,GKE56_RS04255,fabI,enoyl-ACP reductase FabI,0,34.783,93,1.1e-46,13.0,GCF_009707485_00853,125.0,GCF_009707485_00853,0.6305304172951232,0.5,Tetrasphaera sp. HKS02,tetrasphaera,sp.,907238,907997,1,7.0,1
GCF_009707485_00857,0,GCF_009184895_02175,GCF_009707485,GCF_009707485_0,10.0,GCF_009707485_00854,g,GKE56_RS04260,,tetratricopeptide repeat protein,0,34.783,93,1.1e-46,4.0,GCF_009707485_00854,126.0,GCF_009707485_00854,0.6305304172951232,0.5,Tetrasphaera sp. HKS02,tetrasphaera,sp.,908021,910208,1,7.0,1
GCF_009707485_00857,0,GCF_009184895_02175,GCF_009707485,GCF_009707485_0,9.0,GCF_009707485_00855,g,GKE56_RS04265,cphA,cyanophycin synthetase,0,34.783,93,1.1e-46,0.0,GCF_009707485_00855,127.0,GCF_009707485_00855,0.6305304172951232,0.5,Tetrasphaera sp. HKS02,tetrasphaera,sp.,910237,912589,-1,7.0,1
GCF_009707485_00857,0,GCF_009184895_02175,GCF_009707485,GCF_009707485_0,8.0,GCF_009707485_00856,g,GKE56_RS17215,,hypothetical protein,0,34.783,93,1.1e-46,17.0,GCF_009707485_00856,128.0,GCF_009707485_00856,0.6305304172951232,0.5,Tetrasphaera sp. HKS02,tetrasphaera,sp.,912536,913241,-1,7.0,1
GCF_009707485_00857,0,GCF_009184895_02175,GCF_009707485,GCF_009707485_0,7.0,GCF_009707485_00857,g,GKE56_RS04270,,cyanophycinase,1,34.783,93,1.1e-46,1.0,GCF_009707485_00857,129.0,GCF_009707485_00857,0.6305304172951232,0.5,Tetrasphaera sp. HKS02,tetrasphaera,sp.,913125,913998,-1,7.0,1
GCF_009707485_00857,0,GCF_009184895_02175,GCF_009707485,GCF_009707485_0,6.0,GCF_009707485_00858,g,GKE56_RS04275,serB,phosphoserine phosphatase SerB,0,34.783,93,1.1e-46,5.0,GCF_009707485_00858,130.0,GCF_009707485_00858,0.6305304172951232,0.5,Tetrasphaera sp. HKS02,tetrasphaera,sp.,914014,915238,-1,7.0,1
GCF_009707485_00857,0,GCF_009184895_02175,GCF_009707485,GCF_009707485_0,5.0,GCF_009707485_00859,g,GKE56_RS04280,,hypothetical protein,0,34.783,93,1.1e-46,30.0,GCF_009707485_00859,131.0,GCF_009707485_00859,0.6305304172951232,0.5,Tetrasphaera sp. HKS02,tetrasphaera,sp.,915552,916191,1,7.0,1
GCF_009707485_00857,0,GCF_009184895_02175,GCF_009707485,GCF_009707485_0,4.0,GCF_009707485_00860,g,GKE56_RS04285,,hypothetical protein,0,34.783,93,1.1e-46,33.0,GCF_009707485_00860,132.0,GCF_009707485_00860,0.6305304172951232,0.5,Tetrasphaera sp. HKS02,tetrasphaera,sp.,916200,916440,1,7.0,1
GCF_009707485_00857,0,GCF_009184895_02175,GCF_009707485,GCF_009707485_0,3.0,GCF_009707485_00861,p,GKE56_RS04290,,LLM class F420-dependent oxidoreductase,0,34.783,93,1.1e-46,102.0,,135.0,,0.6305304172951232,0.5,Tetrasphaera sp. HKS02,tetrasphaera,sp.,916646,917460,-1,7.0,1
GCF_009707485_00857,0,GCF_009184895_02175,GCF_009707485,GCF_009707485_0,2.0,GCF_009707485_00862,g,GKE56_RS04295,glgC,glucose-1-phosphate adenylyltransferase,0,34.783,93,1.1e-46,2.0,GCF_009707485_00862,133.0,GCF_009707485_00862,0.6305304172951232,0.5,Tetrasphaera sp. HKS02,tetrasphaera,sp.,917456,918710,-1,7.0,1
GCF_009707485_00857,0,GCF_009184895_02175,GCF_009707485,GCF_009707485_0,1.0,GCF_009707485_00863,g,GKE56_RS04300,glgA,glycogen synthase,0,34.783,93,1.1e-46,3.0,GCF_009707485_00863,134.0,GCF_009707485_00863,0.6305304172951232,0.5,Tetrasphaera sp. HKS02,tetrasphaera,sp.,918772,919981,1,7.0,1
